osiics_16_code;problem_type;osiics_16_level_1;osiics_16_level_2;osiics_16_level_3;osiics_16_level_4;OSIICS_16_ES
HMT;Injury;Head;Muscle/tendon;Muscle injury;Muscular trigger point referred headache;Dolor de cabeza atribuible a un punto gatillo muscular
HMY;Injury;Head;Muscle/tendon;Muscle injury;Facial muscle trigger points;Puntos gatillo musculares en la cara
HKXN;Injury;Head;Muscle/tendon;Laceration;Head laceration location unspecified/or multiple not requiring suturing;Laceración de la cabeza en localización múltiple o no especificada que no requiere sutura
HKM;Injury;Head;Muscle/tendon;Laceration;Mucosal laceration not requiring suturing;Abrasión bucal que no requiere sutura
HKMS;Injury;Head;Muscle/tendon;Laceration;Mucosal laceration requiring suturing;Abrasión bucal que requiere sutura
HKN;Injury;Head;Muscle/tendon;Laceration;Nose laceration not requiring suturing;Abrasión de la nariz que no requiere sutura
HKNS;Injury;Head;Muscle/tendon;Laceration;Nose laceration requiring suturing;Abrasión de la nariz que requiere sutura
HKP;Injury;Head;Muscle/tendon;Laceration;Perforating mouth laceration;Laceración perforante en la boca.
HKPS;Injury;Head;Muscle/tendon;Laceration;Perforating mouth laceration requiring suturing;Laceración perforante en la boca que requiere sutura.
HKS;Injury;Head;Muscle/tendon;Laceration;Scalp laceration;Laceración del cráneo
HKT;Injury;Head;Muscle/tendon;Laceration;Tongue laceration;Laceración en la lengua
HKTS;Injury;Head;Muscle/tendon;Laceration;Tongue laceration requiring suturing;Laceración en la lengua que requiere sutura.
HKXQ;Injury;Head;Muscle/tendon;Laceration;Complication of head laceration including infection;Complicación de una laceración en la cabeza, incluida infección
HKXS;Injury;Head;Muscle/tendon;Laceration;Head laceration location unspecified/or multiple requiring suturing;Laceración de la cabeza en localización múltiple o no especificada que requiere sutura
HKZ;Injury;Head;Muscle/tendon;Laceration;Facial laceration not requiring suturing;Laceración facial que no requiere sutura
HKLN;Injury;Head;Muscle/tendon;Laceration;Eyelid laceration not requiring suturing;Laceración del párpado que no requiere sutura
HKB;Injury;Head;Muscle/tendon;Laceration;Eyebrow laceration not requiring suturing;Laceración de ceja que no requiere sutura
HKZS;Injury;Head;Muscle/tendon;Laceration;Facial laceration requiring suturing;Laceración facial que requiere sutura
HKTN;Injury;Head;Muscle/tendon;Laceration;Tongue laceration not requiring suturing;Laceración de la lengua que no requiere sutura
HK2;Injury;Head;Muscle/tendon;Laceration;Eyelid laceration;Laceración del párpado
HKKS;Injury;Head;Muscle/tendon;Laceration;Lip laceration requiring suturing;Laceración del labio que requiere sutura
HK1;Injury;Head;Muscle/tendon;Laceration;Head/facial laceration;Laceración en la cabeza/cara
HKC;Injury;Head;Muscle/tendon;Laceration;Cheek laceration not requiring suturing;Abrasión de mejillas que no requiere sutura
HKBS;Injury;Head;Muscle/tendon;Laceration;Eyebrow laceration requiring suturing;Laceración de ceja que requiere sutura
HKCS;Injury;Head;Muscle/tendon;Laceration;Cheek laceration requiring suturing;Abrasión en la mejilla que requiere sutura
HKE;Injury;Head;Muscle/tendon;Laceration;Eyelid laceration requiring suturing;Laceración del párpado que requiere sutura
HKK;Injury;Head;Muscle/tendon;Laceration;Lip laceration;Laceración al labio
HKES;Injury;Head;Muscle/tendon;Laceration;Ear laceration requiring suturing;Laceración de oreja que requiere sutura
HKF;Injury;Head;Muscle/tendon;Laceration;Forehead laceration not requiring suturing;Laceración en la frente que no requiere puntos
HKHS;Injury;Head;Muscle/tendon;Laceration;Forehead laceration requiring suturing;Laceración en la frente que requiere sutura
HKJ;Injury;Head;Muscle/tendon;Laceration;Chin laceration;Laceración hasta el mentón
HKE1;Injury;Head;Muscle/tendon;Laceration;Ear laceration;Laceración de oreja
HNCA;Injury;Head;Nervous;Brain/spinal cord injury;Concussion with imaging abnormality;Conmoción cerebral con anomalía en las imágenes
HNC2;Injury;Head;Nervous;Brain/spinal cord injury;Concussion with criteria-2 video signs;Conmoción cerebral con signos de video de Criterio 2
HNI;Injury;Head;Nervous;Brain/spinal cord injury;Intracranial bleed;Hemorragia intracraneal
HNV;Injury;Head;Nervous;Brain/spinal cord injury;Acute concussion with visual symptoms;Conmoción cerebral aguda con síntomas visuales.
HNCT;Injury;Head;Nervous;Brain/spinal cord injury;Traumatic encephalopathy syndrome;Sindrome enfefalopatico traumatico
HNCN;Injury;Head;Nervous;Brain/spinal cord injury;Concussion with no concerning history or signs;Conmoción cerebral sin antecedentes ni signos preocupantes
HNCH;Injury;Head;Nervous;Brain/spinal cord injury;Concussion in a player with a concerning history;Conmoción cerebral en un jugador con antecedentes preocupantes
HNCD;Injury;Head;Nervous;Brain/spinal cord injury;Concussion with delayed symptom presentation;Conmoción cerebral con presentación tardía de síntomas
HNC1;Injury;Head;Nervous;Brain/spinal cord injury;Concussion with criteria-1 video signs;Conmoción cerebral con signos de video de Criterio 1
HN4;Injury;Head;Nervous;Brain/spinal cord injury;Cranial nerve injury;Lesión del nervio craneal
HN3;Injury;Head;Nervous;Brain/spinal cord injury;Chronic brain injury;Lesión cerebral crónica
HN2;Injury;Head;Nervous;Brain/spinal cord injury;Concussion/brain injury;Conmoción/lesion cerebral
HN1;Injury;Head;Nervous;Brain/spinal cord injury;Concussion;Conmcion cerebral
HNCB;Injury;Head;Nervous;Brain/spinal cord injury;Concussion with abnormal biomarkers;Conmoción cerebral con biomarcadores anormales
HFX;Injury;Head;Bone;Fracture;Head/facial fracture;Fractura de la cabeza/cara
HFS;Injury;Head;Bone;Fracture;Skull/cranial fracture;Fractura de cráneo
HFT;Injury;Head;Bone;Fracture;Avulsed/fractured tooth;Avulsión/fractura del diente
HFE;Injury;Head;Bone;Fracture;Orbital floor fracture;Fractura del suelo de la órbita.
HFMC;Injury;Head;Bone;Fracture;Compound fractured mandible;Fractura compuesta de mandíbula.
HFM;Injury;Head;Bone;Fracture;Maxillary fracture;Fractura del maxilar 
HFZ;Injury;Head;Bone;Fracture;Zygoma fracture;Fractura del pómulo
HFEM;Injury;Head;Bone;Fracture;Medial wall orbit fracture;Fractura de la pared medial de orbita
HF4;Injury;Head;Bone;Fracture;Orbital fracture;Fractura de la órbita
HF3;Injury;Head;Bone;Fracture;Mandible fracture;Fractura de la mandíbula (maxilar inferior)
HF2;Injury;Head;Bone;Fracture;Fractured frontal bone;Fractura del hueso frontal
HF1;Injury;Head;Bone;Fracture;Nose fracture;Fractura de nariz
HFEZ;Injury;Head;Bone;Fracture;Other orbital fracture not otherwise specified;Otra fractura orbitaria no especificada de otra manera
HFD;Injury;Head;Bone;Fracture;Fractured tooth;Fractura de diente
HLT;Injury;Head;Ligament/joint capsule;Joint sprain;Jaw sprain/temporomandibular joint (tmj) symptoms;Esguince/síntomas de la articulación temporomandibular
HLJ;Injury;Head;Ligament/joint capsule;Joint sprain;Jaw bruising/haematoma;Moretones/Hematoma en la mandíbula
HLS;Injury;Head;Ligament/joint capsule;Joint sprain;Facial joint sprain/injury;Esguince facial/lesión articular
HDT;Injury;Head;Ligament/joint capsule;Joint sprain;Avulsed tooth;Avulsión dental
HDX;Injury;Head;Ligament/joint capsule;Joint sprain;Facial dislocation;Dislocación articular de la cara.
HD1;Injury;Head;Ligament/joint capsule;Joint sprain;Jaw dislocation;Luxación de la articulación temporomandibular
HVX;Injury;Head;Superficial tissues/skin;Contusion (superficial);Other bruising/haematoma not otherwise specified;Otra equimosis/hematoma de la cabeza/cara no especificada de otra manera
HVM;Injury;Head;Superficial tissues/skin;Contusion (superficial);Mouth bruising/haematoma;Equimosis/Hematoma en la boca
HVP;Injury;Head;Superficial tissues/skin;Contusion (superficial);Periorbital bruising/haematoma;Equimosis/hematoma periorbitario
HVO;Injury;Head;Superficial tissues/skin;Contusion (superficial);Ear bruising/haematoma;Equimosis/Hematoma en la oreja
HVN;Injury;Head;Superficial tissues/skin;Contusion (superficial);Nose contusion/haematoma;Contusión/Hematoma en la nariz
HVL;Injury;Head;Superficial tissues/skin;Contusion (superficial);Scalp bruising/haematoma;Moretones/Hematoma en el cráneo
HVC;Injury;Head;Superficial tissues/skin;Contusion (superficial);Cauliflower ear (chronic);Oreja de coliflor (crónica)
HV1;Injury;Head;Superficial tissues/skin;Contusion (superficial);Head/facial contusion/haematoma;Equimosis/Hematoma en la cabeza/cara
HVE;Injury;Head;Superficial tissues/skin;Contusion (superficial);Eye bruising/haematoma;Equimosis/Hematoma del ojo
HIK;Injury;Head;Superficial tissues/skin;Abrasion;Lip abrasion not requiring suturing;Laceración del labio que no requiere sutura.
HIS;Injury;Head;Superficial tissues/skin;Abrasion;Scalp abrasion;Abrasión del cráneo
HIM;Injury;Head;Superficial tissues/skin;Abrasion;Mouth abrasion;Abrasión bucal
HIJ;Injury;Head;Superficial tissues/skin;Abrasion;Chin abrasion;Abrasión en el mentón
HIH;Injury;Head;Superficial tissues/skin;Abrasion;Forehead abrasion;Abrasión en la frente
HIF;Injury;Head;Superficial tissues/skin;Abrasion;Facial abrasion not otherwise specified;Abrasión facial no especificada de otra manera
HIC;Injury;Head;Superficial tissues/skin;Abrasion;Cheek abrasion;Abrasión en la mejilla
HIB;Injury;Head;Superficial tissues/skin;Abrasion;Eyebrow abrasion;Abrasión en la ceja
HIE;Injury;Head;Superficial tissues/skin;Abrasion;Ear abrasion;Abrasión del oído
HIN;Injury;Head;Superficial tissues/skin;Abrasion;Nose abrasion;Abrasión de la nariz
HVB;Injury;Head;Vessels;Vascular trauma;Epistaxis;Epistaxis
HVS;Injury;Head;Vessels;Vascular trauma;Septal haematoma;Hematoma septal
HOE;Injury;Head;Internal organs;Organ trauma;Ear trauma;traumatismo de oído
HOX;Injury;Head;Internal organs;Organ trauma;Head organ damage;Daño a un órgano de la cabeza.
HOU;Injury;Head;Internal organs;Organ trauma;Corneal abrasion;Abrasión corneal
HORH;Injury;Head;Internal organs;Organ trauma;Traumatic retinal haemorrhage;Hemorragia de retina traumatico
HOR;Injury;Head;Internal organs;Organ trauma;Retinal detachment;Desprendimiento de retina
HOO;Injury;Head;Internal organs;Organ trauma;Eye foreign body - not otherwise specified;Cuerpo extraño en el ojo - no especificado de otra manera
HOL;Injury;Head;Internal organs;Organ trauma;Contact lens displacement;Desplazamiento de la lente de contacto.
HOF;Injury;Head;Internal organs;Organ trauma;Eye foreign body - corneal;Cuerpo extraño en el ojo - córnea
HODL;Injury;Head;Internal organs;Organ trauma;Subluxed tooth;Subluxación dental
HOC;Injury;Head;Internal organs;Organ trauma;Conjunctival haematoma;Hematoma conjuntival
HO2;Injury;Head;Internal organs;Organ trauma;Perforated ear drum;Perforación del tímpano
HO1;Injury;Head;Internal organs;Organ trauma;Eye injury/trauma;Trauma/lesión ocular
HOH;Injury;Head;Internal organs;Organ trauma;Hyphema;Hifema (sangre en la camara anterior del ojo)
HP1;Injury;Head;Non-specific;Injury without tissue type specified;Functional head pain;Dolor de cabeza funcional
HPY;Injury;Head;Non-specific;Injury without tissue type specified;Facial muscle strain;Lesión de los músculos faciales
HZ1;Injury;Head;Non-specific;Unknown;Headache/pain undiagnosed;Dolor de cabeza no diagnosticado
HZC2;Injury;Head;Non-specific;Unknown;Head impact (not concussion) with criteria-2 video signs;Traumatismo de craneo sin conmocion cerebral, con signos de criterios de video 2
HZN;Injury;Head;Non-specific;Unknown;Head/neck impact not diagnosed as concussion;Traumatismo de cabeza/cuello no diagnosticado como conmoción cerebral
HZX;Injury;Head;Non-specific;Unknown;Head injuries;Lesión en la cabeza
NMT;Injury;Neck;Muscle/tendon;Muscle injury;Neck muscle soreness/spasm/torticollis;Puntos gatillo/espasmo/tortícolis en el músculo del cuello
NM1;Injury;Neck;Muscle/tendon;Muscle injury;Neck muscle strain;Distensión de los músculos del cuello
NKX;Injury;Neck;Muscle/tendon;Laceration;Neck laceration;Laceración del cuello
NKXQ;Injury;Neck;Muscle/tendon;Laceration;Complication of neck laceration including infection;Complicación de la laceración del cuello, incluida infección
NKXS;Injury;Neck;Muscle/tendon;Laceration;Neck laceration requiring suturing;Laceración del cuello que requiere sutura
NK1;Injury;Neck;Muscle/tendon;Laceration;Neck laceration not requiring suturing;Laceración del cuello que no requiere puntos
NNX;Injury;Neck;Nervous;Brain/spinal cord injury;Neurological neck injury;Lesión del nervio del cuello
NN4;Injury;Neck;Nervous;Brain/spinal cord injury;Cervical spinal cord concussion;Conmoción de la médula espinal cervical
NN3;Injury;Neck;Nervous;Brain/spinal cord injury;Cervical spinal canal stenosis;Estenosis del canal espinal cervical
NN2;Injury;Neck;Nervous;Brain/spinal cord injury;Cervical spinal cord injury;lesion de la medula espinal de la columna cervical
NN1;Injury;Neck;Nervous;Peripheral nerve injury;Cervical nerve root compression/stretch;Compresión/estiramiento de la raíz del nervio cervical
NF1;Injury;Neck;Bone;Fracture;Stable cervical fracture/s;Fractura(s) cervical(es) estable(s).
NF2;Injury;Neck;Bone;Fracture;Unstable cervical fracture/s;Fractura(s) cervical(es) inestable(s).
NFC;Injury;Neck;Bone;Fracture;Cervical fracture/s;Fractura(s) cervical(es).
NFS;Injury;Neck;Bone;Fracture;Avulsion fracture/s cervical spine (e.g. spinous process fracture);Fractura por avulsión cervical (por ejemplo, fractura de la apófisis espinosa)
NFX;Injury;Neck;Bone;Fracture;Neck fracture;Fractura de cuello
NSX;Injury;Neck;Bone;Bone stress injury;Cervical stress fracture;Fractura por estrés cervical
NC1;Injury;Neck;Cartilage/synovium/bursa;Cartilage injury;Cervical disc injury;Lesión del disco cervical
NC2;Injury;Neck;Cartilage/synovium/bursa;Cartilage injury;Cervical disc degeneration;Degeneración del disco cervical
NCP;Injury;Neck;Cartilage/synovium/bursa;Cartilage injury;Cervical disc prolapse;Prolapso de disco cervical
NCL;Injury;Neck;Cartilage/synovium/bursa;Cartilage injury;Cervical disc sprain;Esguince de disco cervical
NAX;Injury;Neck;Cartilage/synovium/bursa;Arthritis;Cervical spinal column degenerative disc disease/arthritis;Osteoartritis/degeneración del disco de la columna cervical
NA1;Injury;Neck;Cartilage/synovium/bursa;Arthritis;Cervical facet joint arthritis;Osteoartritis de la articulación de interfaz cervical
NQF;Injury;Neck;Cartilage/synovium/bursa;Synovitis/capsulitis;Cervical spine facet joint synovitis/pain;Inestabilidad de la columna cervical
NL1;Injury;Neck;Ligament/joint capsule;Joint sprain;Facet joint/neck ligament sprain;Esguince de articulación de interfaz/ligamento del cuello
NLW;Injury;Neck;Ligament/joint capsule;Joint sprain;Whiplash/neck sprain;Latigazo cervical/esguince de cuello
NUS;Injury;Neck;Ligament/joint capsule;Chronic instability;Cervical subluxation/instability;Subluxación/inestabilidad cervical
NH1;Injury;Neck;Superficial tissues/skin;Contusion (superficial);Neck contusion/haematoma;Contusión/Hematoma en el cuello
NIX;Injury;Neck;Superficial tissues/skin;Abrasion;Neck abrasion;Abrasión del cuello
NO1;Injury;Neck;Internal organs;Organ trauma;Foreign body in larynx;Cuerpo extraño en laringe.
NOF;Injury;Neck;Internal organs;Organ trauma;Laryngeal fracture;Fractura laríngea
NOL;Injury;Neck;Internal organs;Organ trauma;Laryngeal trauma;Trauma laríngeo
NOX;Injury;Neck;Internal organs;Organ trauma;Neck organ damage;Daño a los órganos del cuello
NPM;Injury;Neck;Non-specific;Injury without tissue type specified;Neck muscle and/or tendon strain/spasm/trigger points;Puntos gatillo/espasmo/tendón de tortícolis/músculo del cuello
NP1;Injury;Neck;Non-specific;Injury without tissue type specified;Cervical functional pain;Dolor de cuello funcional
NPH;Injury;Neck;Non-specific;Injury without tissue type specified;Cervicogenic headache;Dolor de cabeza cervicogénico
NZZ;Injury;Neck;Non-specific;Unknown;Neck injuries;Lesión en el cuello
NZX;Injury;Neck;Non-specific;Unknown;Neck pain/injury not otherwise specified;Dolor/lesión de cuello no especificada de otra manera
NZO;Injury;Neck;Non-specific;Unknown;Post neck surgery;Cirugía post-cuello
NZ1;Injury;Neck;Non-specific;Unknown;Neck pain undiagnosed;Dolor de cuello no diagnosticado
NZS;Injury;Neck;Non-specific;Unknown;Structural abnormality cervical spine;Anomalía estructural de la columna cervical.
SML;Injury;Shoulder;Muscle/tendon;Muscle injury;Latissimus dorsi muscle strain;Lesión muscular del dorsal ancho.
SMZ;Injury;Shoulder;Muscle/tendon;Muscle injury;Other shoulder muscle injury not elsewhere specified;Otra lesión del músculo del hombro no especificada de otra manera
SMY;Injury;Shoulder;Muscle/tendon;Muscle injury;Shoulder muscle trigger points/posterior muscle soreness;Puntos gatillo/dolor muscular en el hombro
SMP;Injury;Shoulder;Muscle/tendon;Muscle injury;Pectoralis major muscle strain;Lesión del músculo pectoral mayor
SMD;Injury;Shoulder;Muscle/tendon;Muscle injury;Deltoid muscle injury;Lesión del músculo deltoides
SM1;Injury;Shoulder;Muscle/tendon;Muscle injury;Muscle strain, shoulder region;Lesión del músculo del hombro
SMR;Injury;Shoulder;Muscle/tendon;Muscle injury;Rotator cuff muscle injury;Lesión del músculo del manguito rotador
SHD;Injury;Shoulder;Muscle/tendon;Muscle contusion;Deltoid haematoma;hematoma deltoideo
SHM;Injury;Shoulder;Muscle/tendon;Muscle contusion;Shoulder muscle haematoma;Hematoma del músculo del hombro
STI;Injury;Shoulder;Muscle/tendon;Tendinopathy;Other infraspinatus tendon injury not otherwise specified;Otra lesión del tendón infraespinoso no especificada de otra manera
ST1;Injury;Shoulder;Muscle/tendon;Tendinopathy;Rotator cuff tendon pathology;Patología del tendón del manguito rotador
ST3;Injury;Shoulder;Muscle/tendon;Tendinopathy;Calcific tendinopathy;Tendinopatía calcificada
STB;Injury;Shoulder;Muscle/tendon;Tendinopathy;Proximal biceps tendon injury;Lesión del tendón proximal del bíceps braquial
STC;Injury;Shoulder;Muscle/tendon;Tendinopathy;Subscapularis tendon injury;Lesión del tendón subescapular
STD;Injury;Shoulder;Muscle/tendon;Tendinopathy;Subacromial impingement;pinzamiento subacromial
STP;Injury;Shoulder;Muscle/tendon;Tendinopathy;Other pec major tendon injury not otherwise specified;Otra lesión del tendón pectoral mayor no especificada de otra manera
STF;Injury;Shoulder;Muscle/tendon;Tendinopathy;Acute anterior internal impingement;Pinzamiento interno agudo del hombro
ST2;Injury;Shoulder;Muscle/tendon;Tendinopathy;Biceps tendinopathy;Tendinopatía proximal del bíceps braquial
STIX;Injury;Shoulder;Muscle/tendon;Tendinopathy;Infraspinatus tendon injury;Lesión del tendón infraespinoso
STM;Injury;Shoulder;Muscle/tendon;Tendinopathy;Multiple tendon injury;Lesión múltiple del tendón del hombro
STO;Injury;Shoulder;Muscle/tendon;Tendinopathy;Other biceps tendon injury not otherwise specified;Otra lesión del tendón del bíceps braquial no especificada de otra manera
STZ;Injury;Shoulder;Muscle/tendon;Tendinopathy;Shoulder tendon injury not otherwise specified;Otra lesión del tendón del hombro no especificada de otra manera
STU;Injury;Shoulder;Muscle/tendon;Tendinopathy;Other subscapularis tendon injury not otherwise specified;Otra lesión del tendón subescapular no especificada de otra manera
STS;Injury;Shoulder;Muscle/tendon;Tendinopathy;Supraspinatus tendinopathy;Lesión del tendón supraespinoso
STE;Injury;Shoulder;Muscle/tendon;Tendinopathy;Shoulder impingement/synovitis;Pinzamiento/Sinovitis del hombro
ST4;Injury;Shoulder;Muscle/tendon;Tendinopathy;Supraspinatus tendon tear partial thickness;Lesión parcial del tendón supraespinoso
SRS;Injury;Shoulder;Muscle/tendon;Tendon rupture;Supraspinatus tendon rupture full thickness;Rotura del tendón supraespinoso
SR1;Injury;Shoulder;Muscle/tendon;Tendon rupture;Subscapularis tendon rupture;Rotura del tendón subescapular
SRI;Injury;Shoulder;Muscle/tendon;Tendon rupture;Infraspinatus tendon rupture;Rotura del tendón del infraespinoso
SR3;Injury;Shoulder;Muscle/tendon;Tendon rupture;Pec major tendon rupture;Rotura del tendón del pectoral mayor
SR2;Injury;Shoulder;Muscle/tendon;Tendon rupture;Rupture of long head of biceps tendon;Rotura del tendón de la porción larga del bíceps braquial
SKXQ;Injury;Shoulder;Muscle/tendon;Laceration;Complication of shoulder laceration including infection;Complicación de la laceración del hombro, incluida infección
SKXS;Injury;Shoulder;Muscle/tendon;Laceration;Shoulder laceration requiring suturing;Laceración del hombro que requiere sutura
SK1;Injury;Shoulder;Muscle/tendon;Laceration;Shoulder laceration not requiring suturing;Laceración del hombro que no requiere puntos
SN3;Injury;Shoulder;Nervous;Peripheral nerve injury;Thoracic outlet syndrome (neural);Síndrome de salida torácica (neural)
SN1;Injury;Shoulder;Nervous;Peripheral nerve injury;Brachial plexus traction injury/burner/stinger;Lesión por tracción/dolor punzante/ardor del plexo braquial
SN2;Injury;Shoulder;Nervous;Peripheral nerve injury;Isolated axillary nerve palsy;Parálisis aislada del nervio axilar.
SNX;Injury;Shoulder;Nervous;Peripheral nerve injury;Shoulder neurological injury;Daño a un nervio en el hombro.
SN4;Injury;Shoulder;Nervous;Peripheral nerve injury;Suprascapular nerve entrapment or palsy;Parálisis o atrapamiento del nervio supraescapular.
SF2;Injury;Shoulder;Bone;Fracture;Scapula fracture;Fractura de la escápula
SFS;Injury;Shoulder;Bone;Fracture;Hill sachs compression fracture;Fractura de Hill Sachs
SFA;Injury;Shoulder;Bone;Fracture;Fracture dislocation A/C joint;Fractura luxación de la articulación acromioclavicular.
SFX;Injury;Shoulder;Bone;Fracture;Shoulder fractures;Fractura(s) de hombro.
SFR;Injury;Shoulder;Bone;Fracture;Refracture clavicle through callus;Recurrencia de fractura  (refractura) de clavícula en callo óseo.
SFO;Injury;Shoulder;Bone;Fracture;Fracture outer third clavicle;Fractura del tercio lateral de la clavícula.
SFM;Injury;Shoulder;Bone;Fracture;Fracture middle third clavicle;Fractura del tercio medio de la clavícula.
SFI;Injury;Shoulder;Bone;Fracture;Fracture inner third clavicle;Fractura del tercio medial de la clavícula.
SFHT;Injury;Shoulder;Bone;Fracture;Fracture greater tuberosity humerus;Fractura de la tuberosidad mayor del húmero
SFC;Injury;Shoulder;Bone;Fracture;Clavicular fracture;Fractura de clavícula
SFB;Injury;Shoulder;Bone;Fracture;Fractured glenoid /bony bankart lesion;Fractura glenoidea/lesión ósea de Bankart
SF3;Injury;Shoulder;Bone;Fracture;Fracture neck of humerus;Fractura del cuello del humero.
SSZ;Injury;Shoulder;Bone;Bone stress injury;Other bony/overuse injuries not elsewhere classified;Otra lesión ósea/sobrecarga del hombro no especificada de otra manera
SSX;Injury;Shoulder;Bone;Bone stress injury;Shoulder stress/overuse injuries incl stress fractures;Lesión por estrés/uso excesivo del hombro, incluidas fracturas por estrés
SSF;Injury;Shoulder;Bone;Bone stress injury;Shoulder bony stress/overuse injury;Lesión ósea por estrés/sobrecarga del hombro
SS1;Injury;Shoulder;Bone;Bone stress injury;Stress fracture coracoid process;Fractura por estrés de la apófisis coracoides.
SSA;Injury;Shoulder;Bone;Bone stress injury;A/C joint stress/overuse injury;Lesión por estrés/sobrecarga de la articulación acromioclavicular
SGS;Injury;Shoulder;Bone;Physis injury;Traction injury to apophysis at shoulder;Lesión por tracción de la apófisis del hombro.
SGO;Injury;Shoulder;Bone;Physis injury;Osteochondrosis shoulder;Osteocondrosis del hombro
SCP;Injury;Shoulder;Cartilage/synovium/bursa;Cartilage injury;Posterior shoulder dislocation with posterior labral lesion;Luxación posterior del hombro con lesión del labrum posterior
SC1;Injury;Shoulder;Cartilage/synovium/bursa;Cartilage injury;Shoulder chondral lesion;Lesión del cartílago del hombro.
SCB;Injury;Shoulder;Cartilage/synovium/bursa;Cartilage injury;Shoulder dislocation with labral bankart lesion;Luxación de hombro con lesión del labrum de Bankart
SCL;Injury;Shoulder;Cartilage/synovium/bursa;Cartilage injury;Glenohumeral joint sprain with chondral/labral damage (incl slap tear);Esguince de la articulación glenohumeral con daño condral/labral (incluida la lesión SLAP)
SCS;Injury;Shoulder;Cartilage/synovium/bursa;Cartilage injury;Superior Labrum Anterior and Posterior (SLAP) lesion shoulder;Lesión SLAP del hombro
SCH;Injury;Shoulder;Cartilage/synovium/bursa;Cartilage injury;Shoulder dislocation with humeral avulsion of the glenohumeral ligament (hagl);Luxación de hombro con lesión HAGL
SAA;Injury;Shoulder;Cartilage/synovium/bursa;Arthritis;A/C joint arthritis;Artritis acromioclavicular
SA1;Injury;Shoulder;Cartilage/synovium/bursa;Arthritis;Glenohumeral osteoarthritis;Osteoartritis glenohumeral
SA2;Injury;Shoulder;Cartilage/synovium/bursa;Arthritis;A/C joint chronic pain;Dolor crónico en la articulación acromioclavicular.
SAO;Injury;Shoulder;Cartilage/synovium/bursa;Arthritis;Osteolysis of distal clavicle;Osteólisis distal de la clavícula.
SAX;Injury;Shoulder;Cartilage/synovium/bursa;Arthritis;Shoulder osteoarthritis;Artritis del hombro
SQF;Injury;Shoulder;Cartilage/synovium/bursa;Synovitis/capsulitis;Adhesive capsulitis/frozen shoulder;Capsulitis adhesiva/Hombro congelado
SQP;Injury;Shoulder;Cartilage/synovium/bursa;Synovitis/capsulitis;Acute posterior internal impingement;Pinzamiento agudo posteromedial del hombro
SQE;Injury;Shoulder;Cartilage/synovium/bursa;Synovitis/capsulitis;Internal impingement of the shoulder;Impingimet interno del hombro
SQC;Injury;Shoulder;Cartilage/synovium/bursa;Synovitis/capsulitis;Cervical rib;Costilla cervical
SQB;Injury;Shoulder;Cartilage/synovium/bursa;Synovitis/capsulitis;Chronic internal impingement;Pinzamiento interno crónico del hombro
SBC;Injury;Shoulder;Cartilage/synovium/bursa;Bursitis;Other chronic subacromial impingement;Otro pinzamiento subacromial crónico
SBI;Injury;Shoulder;Cartilage/synovium/bursa;Bursitis;Instability associated subacromial impingement;Inestabilidad asociada con pinzamiento subacromial
SBS;Injury;Shoulder;Cartilage/synovium/bursa;Bursitis;Acute subacromial impingement;Pinzamiento subacromial agudo
SL1;Injury;Shoulder;Ligament/joint capsule;Joint sprain;Glenohumeral joint sprains;Esguince de la articulación glenohumeral
SL2;Injury;Shoulder;Ligament/joint capsule;Joint sprain;Acromioclavicular (A/C) joint sprain;Esguince de la articulación acromioclavicular
SLA;Injury;Shoulder;Ligament/joint capsule;Joint sprain;Grade 1 A/C joint sprain;Esguince de la articulación acromioclavicular grado 1
SLD;Injury;Shoulder;Ligament/joint capsule;Joint sprain;Grade 3 A/C joint dislocation;Esguince de la articulación acromioclavicular grado 3
SLI;Injury;Shoulder;Ligament/joint capsule;Joint sprain;Glenohumeral ligament sprain;Esguince de los ligamentos glenohumerales
SLJ;Injury;Shoulder;Ligament/joint capsule;Joint sprain;Grade 2 A/C joint sprain;Esguince de la articulación acromioclavicular grado 2
SDU;Injury;Shoulder;Ligament/joint capsule;Joint sprain;Shoulder dislocation with other or unspecified neurological injury;Luxación de hombro con lesión del nervio axilar
SD1;Injury;Shoulder;Ligament/joint capsule;Joint sprain;Dislocated shoulder;Luxación del hombro
SD2;Injury;Shoulder;Ligament/joint capsule;Joint sprain;Grade 4-6 A/C joint dislocation;Esguince de la articulación acromioclavicular de grado 4-6
SDA;Injury;Shoulder;Ligament/joint capsule;Joint sprain;Shoulder dislocation (anterior);Luxación anterior del hombro.
SDG;Injury;Shoulder;Ligament/joint capsule;Joint sprain;Glenohumeral ligament tear;Distensión del ligamento glenohumeral
SDI;Injury;Shoulder;Ligament/joint capsule;Joint sprain;Inferior shoulder dislocation;Luxación inferior del hombro.
SDN;Injury;Shoulder;Ligament/joint capsule;Joint sprain;Shoulder dislocation with axillary nerve injury;Luxación de hombro con lesión de nervio no especificado
SDP;Injury;Shoulder;Ligament/joint capsule;Joint sprain;Posterior shoulder dislocation;Luxación posterior del hombro.
SDS;Injury;Shoulder;Ligament/joint capsule;Joint sprain;Acute shoulder subluxation;Subluxación aguda del hombro.
SU1;Injury;Shoulder;Ligament/joint capsule;Chronic instability;Chronic shoulder instability;Inestabilidad crónica del hombro
SUA;Injury;Shoulder;Ligament/joint capsule;Chronic instability;Anterior shoulder instability;Inestabilidad anterior del hombro
SUC;Injury;Shoulder;Ligament/joint capsule;Chronic instability;A/C Joint instability/recurrent sprains;Inestabilidad/distracción recurrente de la articulación acromioclavicular
SUP;Injury;Shoulder;Ligament/joint capsule;Chronic instability;Posterior shoulder instability;Inestabilidad posterior del hombro
SH1;Injury;Shoulder;Superficial tissues/skin;Contusion (superficial);Shoulder contusion/haematoma;Contusión/hematoma del hombro
SHA;Injury;Shoulder;Superficial tissues/skin;Contusion (superficial);A/C Joint contusion;Contusión de la articulación acromioclavicular
SHZ;Injury;Shoulder;Superficial tissues/skin;Contusion (superficial);Shoulder region contusion;Contusión en la región del hombro.
SIX;Injury;Shoulder;Superficial tissues/skin;Abrasion;Shoulder soft tissue abrasion;Abrasión de tejidos blandos del hombro
SVT;Injury;Shoulder;Vessels;Vascular trauma;Shoulder vascular thoracic outlet injury;Síndrome de salida  (o desfiladero) torácica (vascular)
SVV;Injury;Shoulder;Vessels;Vascular trauma;Subclavian vein obstruction;Obstruccion de la arteria subclavia
SPZ;Injury;Shoulder;Non-specific;Injury without tissue type specified;Shoulder pain without tissue type specified;Dolor de hombro sin especificación de tejido.
SZ1;Injury;Shoulder;Non-specific;Unknown;Shoulder pain undiagnosed;Dolor de hombro no diagnosticado
SZS;Injury;Shoulder;Non-specific;Unknown;Post shoulder surgery;Post-cirugia de hombro
SZR;Injury;Shoulder;Non-specific;Unknown;Post shoulder reconstruction;Post reconstruccion del hombro
SZP;Injury;Shoulder;Non-specific;Unknown;Shoulder pain/injury not otherwise specified;Dolor/lesión en el hombro no especificada de otra manera
SZA;Injury;Shoulder;Non-specific;Unknown;Post A/C joint surgery;Post-cirugía de la articulación acromioclavicular
UMD;Injury;Upper arm;Muscle/tendon;Muscle injury;Upper arm delayed onset muscle soreness (DOMS);DOMS en el brazo
UMT;Injury;Upper arm;Muscle/tendon;Muscle injury;Triceps muscle strain;Distensión muscular del tríceps braquial
UM1;Injury;Upper arm;Muscle/tendon;Muscle injury;Biceps muscle strain;Distensión muscular del bíceps braquial
UMY;Injury;Upper arm;Muscle/tendon;Muscle injury;Upper arm muscle trigger points/pain;Puntos gatillo/dolor muscular del brazo
UMX;Injury;Upper arm;Muscle/tendon;Muscle injury;Upper arm muscle strain/spasm/trigger points;Puntos gatillo/espasmo/distensión muscular del brazo
UH1;Injury;Upper arm;Muscle/tendon;Muscle contusion;Biceps haematoma;Hematoma del bíceps braquial
UH3;Injury;Upper arm;Muscle/tendon;Muscle contusion;Triceps haematoma;Hematoma del tríceps braquial
UHM;Injury;Upper arm;Muscle/tendon;Muscle contusion;Upper arm myositis ossificans;Miositis osificante en el brazo.
UT8;Injury;Upper arm;Muscle/tendon;Tendinopathy;Upper arm tendon injury;Lesión del tendón en el brazo.
UR1;Injury;Upper arm;Muscle/tendon;Tendon rupture;Pectoralis major tendon injury;Lesión del tendón pectoral mayor
UK1;Injury;Upper arm;Muscle/tendon;Laceration;Upper arm laceration;Laceración en el brazo
UN1;Injury;Upper arm;Nervous;Peripheral nerve injury;Median nerve injury - upper arm;Lesión del nervio mediano en el brazo.
UNU;Injury;Upper arm;Nervous;Peripheral nerve injury;Ulnar nerve injury - upper arm;Lesión del nervio cubital en el brazo.
UNS;Injury;Upper arm;Nervous;Peripheral nerve injury;Musculocutaneous nerve injury - upper arm;Lesión del nervio musculocutaneo de miembro superior
UNR;Injury;Upper arm;Nervous;Peripheral nerve injury;Radial nerve injury - upper arm;Lesión del nervio radial en el brazo.
UNX;Injury;Upper arm;Nervous;Peripheral nerve injury;Upper arm neurological injury;Lesión nerviosa en el brazo.
UFH;Injury;Upper arm;Bone;Fracture;Humerus fracture;Fractura del húmero
UF1;Injury;Upper arm;Bone;Fracture;Midshaft humerus fracture;Fractura de la diáfisis del húmero.
UFX;Injury;Upper arm;Bone;Fracture;Upper arm fracture;Fractura en el brazo
US1;Injury;Upper arm;Bone;Bone stress injury;Stress fracture humerus;Fractura por estres del humero
USX;Injury;Upper arm;Bone;Bone stress injury;Upper arm bony stress /overuse injury;Lesión por estrés óseo/sobrecarga en el brazo
USF;Injury;Upper arm;Bone;Bone stress injury;Humerus stress fracture involving cortex;Fractura por estrés del brazo.
UJX;Injury;Upper arm;Bone;Bone contusion;Humerus bone contusion;Contusión ósea del húmero.
UGL;Injury;Upper arm;Bone;Physis injury;Little leaguers' shoulder;Hombro de jugadores de ligas menores 
UHZ;Injury;Upper arm;Superficial tissues/skin;Contusion (superficial);Other upper arm soft tissue bruising/haematoma;Otros equimosis/hematomas en los tejidos blandos del brazo
UHX;Injury;Upper arm;Superficial tissues/skin;Contusion (superficial);Upper arm soft tissue bruising/haematoma;Moretones/Hematoma en los tejidos blandos del brazo.
UHT;Injury;Upper arm;Superficial tissues/skin;Contusion (superficial);Upper arm muscle bruising/haematoma;Equimosis/Hematoma muscular en el brazo
UIX;Injury;Upper arm;Superficial tissues/skin;Abrasion;Upper arm abrasion;Abrasión en el brazo
UISP;Injury;Upper arm;Superficial tissues/skin;Abrasion;Upper arm skin pressure injury;Upper arm skin pressure injury
UWS;Injury;Upper arm;Stump;Stump injury;Stump pressure injury upper arm;Trauma en el muñón del brazo
UWI;Injury;Upper arm;Stump;Stump injury;Infection of stump upper arm;Infección del muñón del brazo
UPS;Injury;Upper arm;Non-specific;Injury without tissue type specified;Upper arm soft tissue overuse injury (e.g. periostitis);Lesión por sobrecarga en los tejidos blandos del brazo (por ejemplo, periostitis)
UPZ;Injury;Upper arm;Non-specific;Injury without tissue type specified;Other upper arm overuse injury;Otra lesión por uso excesivo del brazo
UZX;Injury;Upper arm;Non-specific;Unknown;Upper arm pain/injury not otherwise specified;Dolor/lesión en el brazo no especificada de otra manera
EMX;Injury;Elbow;Muscle/tendon;Muscle injury;Elbow muscle strain/spasm/trigger points;Puntos gatillo/espasmo/distensión muscular en el codo
ETB;Injury;Elbow;Muscle/tendon;Tendinopathy;Distal biceps tendinopathy;Tendinopatía distal del bíceps braquial
ETC;Injury;Elbow;Muscle/tendon;Tendinopathy;Elbow tendon injury combined;Lesion combinada de tendones del codo
ETF;Injury;Elbow;Muscle/tendon;Tendinopathy;Common flexor origin tear;Lesión del tendón flexor común del carpo
ET2;Injury;Elbow;Muscle/tendon;Tendinopathy;Golfer's elbow (medial epicondyle pain);Codo de golfista (dolor en la epitroclea)
ET3;Injury;Elbow;Muscle/tendon;Tendinopathy;Distal triceps tendinopathy;Tendinopatía distal del tríceps braquial
ETE;Injury;Elbow;Muscle/tendon;Tendinopathy;Common extensor origin tear;Lesión del tendón extensor común del carpo
ET1;Injury;Elbow;Muscle/tendon;Tendinopathy;Tennis elbow (lateral epicondyle pain);Codo de tenista (dolor en el epicóndilo lateral)
ETT;Injury;Elbow;Muscle/tendon;Tendinopathy;Distal triceps tendon injury;Lesión del tendón distal del tríceps braquial
ER1;Injury;Elbow;Muscle/tendon;Tendon rupture;Distal biceps tendon rupture;Rotura del tendón distal del bíceps braquial
ER2;Injury;Elbow;Muscle/tendon;Tendon rupture;Distal triceps tendon rupture;Rotura del tendón distal del tríceps braquial
EKX;Injury;Elbow;Muscle/tendon;Laceration;Elbow laceration;Laceración del codo
EK1;Injury;Elbow;Muscle/tendon;Laceration;Elbow laceration deep;Laceración profunda hasta el codo.
EN1;Injury;Elbow;Nervous;Peripheral nerve injury;Ulnar neuropathy, elbow;Neuropatía cubital en el codo
EN2;Injury;Elbow;Nervous;Peripheral nerve injury;Other nerve entrapment, elbow;Más atrapamiento de nervios en el codo
EFU;Injury;Elbow;Bone;Fracture;Fractured olecranon;Fractura de olécranon
EF3;Injury;Elbow;Bone;Fracture;Fractured radial head;Fractura de la cabeza radial
EFX;Injury;Elbow;Bone;Fracture;Elbow fractures;Fractura de codo
EFR;Injury;Elbow;Bone;Fracture;Avulsion fracture proximal radius;Fractura por avulsión proximal del radio.
EFH;Injury;Elbow;Bone;Fracture;Supracondylar humeral fracture;Fractura supracondílea del húmero
EFM;Injury;Elbow;Bone;Fracture;Avulsion fracture elbow multiple locations or location unspecified;Fractura por avulsión de codo de localización múltiple o no especificada 
EF1;Injury;Elbow;Bone;Fracture;Avulsion fracture distal humerus;Fractura por avulsión del húmero distal
EF2;Injury;Elbow;Bone;Fracture;Fractured humeral condyle(s);Fractura del cóndilo/I del húmero
ES1;Injury;Elbow;Bone;Bone stress injury;Elbow stress fracture;Fractura por estrés del codo.
EJX;Injury;Elbow;Bone;Bone contusion;Elbow bone bruise;Edema óseo en el codo.
EEP;Injury;Elbow;Bone;Avascular necrosis;Panner disease (elbow avascular necrosis);Enfermedad de Panner (necrosis avascular del codo)
EGC;Injury;Elbow;Bone;Physis injury;Capitellar osteochondrosis;Osteocondrosis de la cabeza radial.
EGT;Injury;Elbow;Bone;Physis injury;Traction injury to apophysis at elbow;Lesión por tracción de la apófisis del codo.
EGM;Injury;Elbow;Bone;Physis injury;Apophysitis medial epicondyle elbow;Apofisitis del epicóndilo medial del codo.
ECL;Injury;Elbow;Cartilage/synovium/bursa;Cartilage injury;Loose body in elbow;Cuerpo libre en el codo.
EC1;Injury;Elbow;Cartilage/synovium/bursa;Cartilage injury;Chondral lesion elbow (+/- loose bodies);Lesión condral del codo (+/- moscas volantes)
ECO;Injury;Elbow;Cartilage/synovium/bursa;Cartilage injury;Osteochondrosis elbow;Osteocondrosis del codo
EA1;Injury;Elbow;Cartilage/synovium/bursa;Arthritis;Elbow osteoarthritis;Artritis del codo
EQ1;Injury;Elbow;Cartilage/synovium/bursa;Synovitis/capsulitis;Elbow atraumatic synovitis;Sinovitis atraumática del codo.
EQ4;Injury;Elbow;Cartilage/synovium/bursa;Synovitis/capsulitis;Elbow posterior impingement/synovitis;Pinzamiento posterior/Sinovitis del codo
EB1;Injury;Elbow;Cartilage/synovium/bursa;Bursitis;Elbow olecranon bursitis;bursitis del olécranon
EL1;Injury;Elbow;Ligament/joint capsule;Joint sprain;Elbow ulna/medial collateral ligament (UCL) strain or tear;Lesión del ligamento colateral medial del codo.
ELZ;Injury;Elbow;Ligament/joint capsule;Joint sprain;Other elbow strain not otherwise specified;Otra lesión del codo no especificada de otra manera
ELR;Injury;Elbow;Ligament/joint capsule;Joint sprain;Elbow ucl rupture/grade 3 tear;Rotura del ligamento colateral medial del codo
ELM;Injury;Elbow;Ligament/joint capsule;Joint sprain;Elbow ucl injury and common flexor origin tear;Lesión del ligamento colateral medial del codo y desgarro del flexor comun
ELA;Injury;Elbow;Ligament/joint capsule;Joint sprain;Elbow hyperextension +/- strain anterior elbow structures;Hiperextensión del codo +/- lesión de las estructuras anteriores del codo
ELJ;Injury;Elbow;Ligament/joint capsule;Joint sprain;Sprained/jarred elbow;Esguince de codo
ED2;Injury;Elbow;Ligament/joint capsule;Joint sprain;Dislocated radial head;Luxación de la cabeza radial.
EDA;Injury;Elbow;Ligament/joint capsule;Joint sprain;Anterior elbow dislocation;Luxación anterior del codo
EDP;Injury;Elbow;Ligament/joint capsule;Joint sprain;Posterior elbow dislocation;Luxación posterior del codo.
ED1;Injury;Elbow;Ligament/joint capsule;Joint sprain;Dislocated elbow;Luxación del codo
EU1;Injury;Elbow;Ligament/joint capsule;Chronic instability;Elbow valgus instability;Inestabilidad en valgo del codo.
EU2;Injury;Elbow;Ligament/joint capsule;Chronic instability;Elbow posterolateral instability;Inestabilidad posterolateral del codo.
EUX;Injury;Elbow;Ligament/joint capsule;Chronic instability;Elbow instability;Inestabilidad del codo
EV1;Injury;Elbow;Superficial tissues/skin;Contusion (superficial);Elbow contusion/haematoma;Contusión/hematoma en el codo
EISP;Injury;Elbow;Superficial tissues/skin;Abrasion;Elbow skin pressure injury;Elbow skin pressure injury
EI1;Injury;Elbow;Superficial tissues/skin;Abrasion;Elbow abrasion superficial;Abrasión superficial en el codo
EII;Injury;Elbow;Superficial tissues/skin;Abrasion;Complication of elbow laceration including infection;Complicación de la laceración del codo, incluida infección
EWI;Injury;Elbow;Stump;Stump injury;Infection of stump elbow;Infección del muñón del codo
EWS;Injury;Elbow;Stump;Stump injury;Stump pressure injury elbow;Traumatismo del muñón del codo
EPX;Injury;Elbow;Non-specific;Injury without tissue type specified;Elbow pain without tissue type specified;Dolor de codo sin especificación de tipo de tejido.
EZZ;Injury;Elbow;Non-specific;Unknown;Elbow pain/injury not otherwise specified;Dolor/lesión en el codo no especificada de otra manera
EZ1;Injury;Elbow;Non-specific;Unknown;Elbow pain undiagnosed;Dolor de codo no diagnosticado
EZS;Injury;Elbow;Non-specific;Unknown;Post elbow surgery;Cirugía post-codo
EZX;Injury;Elbow;Non-specific;Unknown;Elbow injuries;Lesión en el codo
RMF;Injury;Forearm;Muscle/tendon;Muscle injury;Forearm flexor muscle strain;Músculo flexor estirado del antebrazo.
RMT;Injury;Forearm;Muscle/tendon;Muscle injury;Forearm muscle soreness;Puntos gatillo en el músculo del antebrazo.
RME;Injury;Forearm;Muscle/tendon;Muscle injury;Forearm extensor muscle strain;Músculo extensor estirado del antebrazo.
RM1;Injury;Forearm;Muscle/tendon;Muscle injury;Forearm muscle injury;Lesión muscular en el antebrazo.
RYC;Injury;Forearm;Muscle/tendon;Muscle compartment syndrome;Forearm compartment syndrome;Síndrome compartimental del antebrazo
RTI;Injury;Forearm;Muscle/tendon;Tendinopathy;Intersection syndrome;Síndrome de intersección
RTY;Injury;Forearm;Muscle/tendon;Tendinopathy;Forearm extensor tenosynovitis;Tenosinovitis de tendónes extensores del antebrazo
RTS;Injury;Forearm;Muscle/tendon;Tendinopathy;Forearm splints/medial ulnar stress syndrome;Síndrome de estrés cubital medial
RTF;Injury;Forearm;Muscle/tendon;Tendinopathy;Forearm flexor tendon injury;Tenosinovitis de tendón flexor del antebrazo
RTE;Injury;Forearm;Muscle/tendon;Tendinopathy;Forearm extensor tendon injury;Lesión del tendón extensor del antebrazo
RT1;Injury;Forearm;Muscle/tendon;Tendinopathy;Forearm extensor tendinopathy;Tendinopatía  extensora del antebrazo.
RTX;Injury;Forearm;Muscle/tendon;Tendinopathy;Forearm tendon injury;Lesión del tendón del antebrazo.
RK1;Injury;Forearm;Muscle/tendon;Laceration;Complication of forearm laceration including infection;Complicación de la laceración del antebrazo, incluida infección
RNX;Injury;Forearm;Nervous;Peripheral nerve injury;Forearm neurological injury;Lesión nerviosa en el antebrazo.
RFM;Injury;Forearm;Bone;Fracture;Fractured ulna midshaft;Fractura del cúbito en el tercio medio.
RFB;Injury;Forearm;Bone;Fracture;Fracture radius and ulna midshaft;Fractura del radio y  cubito mediodiafisarias
RF1;Injury;Forearm;Bone;Fracture;Fractured forearm bone(s);Fractura ósea del antebrazo.
RFA;Injury;Forearm;Bone;Fracture;Monteggia fracture - midshaft ulna fracture and dislocation radial head at elbow;Fractura de Monteggia: fractura del cúbito en la diáfisis y dislocación de la cabeza del radio en el codo.
RFC;Injury;Forearm;Bone;Fracture;Colles fracture radius;Fractura de Colles del radio.
RFR;Injury;Forearm;Bone;Fracture;Fracture radius midshaft;Fractura del radio en el tercio medio.
RFG;Injury;Forearm;Bone;Fracture;Galeazzi fracture - midshaft radius fracture, dislocation distal radioulnar joint;Fractura de Galeazzi: fractura diafisaria del radio, luxación de la articulación radiocubital distal
RFS;Injury;Forearm;Bone;Fracture;Smiths fracture distal radius;Fractura de Smith distal del radio
RFU;Injury;Forearm;Bone;Fracture;Fracture of distal ulna;Fractura distal del cúbito
RFD;Injury;Forearm;Bone;Fracture;Fractured distal radius;Fractura de radio distal
RSXR;Injury;Forearm;Bone;Bone stress injury;Radial stress fracture involving cortex;Fractura por estrés radial que afecta la corteza
RSXU;Injury;Forearm;Bone;Bone stress injury;Ulna stress fracture involving cortex;Fractura por estrés del cúbito que afecta la corteza
RSOU;Injury;Forearm;Bone;Bone stress injury;Bone oedema ulna;Edema óseo del cúbito
RSOR;Injury;Forearm;Bone;Bone stress injury;Bone oedema radius;Edema óseo del radio
RS1;Injury;Forearm;Bone;Bone stress injury;Bone stress lesion radius and/or ulna;Fractura por estrés del radio y/o cúbito.
RSX;Injury;Forearm;Bone;Bone stress injury;Forearm stress fracture;Fractura por estrés del antebrazo
RJX;Injury;Forearm;Bone;Bone contusion;Forearm bone contusion;Contusión óseo en el antebrazo.
RH1;Injury;Forearm;Superficial tissues/skin;Contusion (superficial);Forearm contusion/haematoma;Contusión/hematoma en el antebrazo
RIX;Injury;Forearm;Superficial tissues/skin;Abrasion;Forearm abrasion;Abrasión en el antebrazo
RWS;Injury;Forearm;Stump;Stump injury;Stump pressure injury forearm;Traumatismo del muñón del antebrazo
RWI;Injury;Forearm;Stump;Stump injury;Infection of stump forearm;Infección del muñón del antebrazo
RP1;Injury;Forearm;Non-specific;Injury without tissue type specified;Other stress/overuse injuries to forearm;Otras lesiones por estrés/sobrecarga en el antebrazo
RZX;Injury;Forearm;Non-specific;Unknown;Forearm pain/injury not otherwise specified;Lesión en el antebrazo/dolor no especificado
RZ1;Injury;Forearm;Non-specific;Unknown;Forearm pain/injury undiagnosed;Lesión/dolor en el antebrazo no diagnosticado
WMX;Injury;Wrist;Muscle/tendon;Muscle injury;Wrist and hand muscle injury;Lesión muscular en la muñeca o la mano.
WTT;Injury;Wrist;Muscle/tendon;Tendinopathy;Thumb tendon injury;Lesión del tendón del pulgar
WT1;Injury;Wrist;Muscle/tendon;Tendinopathy;De quervain's tenosynovitis;Tenosinovitis de De Quervain
WT2;Injury;Wrist;Muscle/tendon;Tendinopathy;Wrist ganglion;Quiste ganglionar en la muñeca
WT3;Injury;Wrist;Muscle/tendon;Tendinopathy;Rupture wrist flexor tendon;Rotura del tendón flexor de la muñeca.
WT4;Injury;Wrist;Muscle/tendon;Tendinopathy;Carpal boss;Osículo carpiano
WTX;Injury;Wrist;Muscle/tendon;Tendinopathy;Wrist tendon injury;Lesión del tendón de la muñeca
WTD;Injury;Wrist;Muscle/tendon;Tendinopathy;Wrist extensor tendon injury;Lesión del tendón extensor de la muñeca.
WTE;Injury;Wrist;Muscle/tendon;Tendinopathy;Wrist extensor tenosynovitis/tendinopathy at wrist;Tenosinovitis/tendinopatía del tendón extensor, de la muñeca
WTF;Injury;Wrist;Muscle/tendon;Tendinopathy;Wrist flexor tenosynovitis/tendinopathy;Tenosinovitis/Tendinopatía del tendón flexor de los dedos
WRD;Injury;Wrist;Muscle/tendon;Tendon rupture;Rupture wrist extensor tendon;Rotura del tendón extensor de la muñeca.
WRE;Injury;Wrist;Muscle/tendon;Tendon rupture;Other tenosynovitis/tendinopathy thumb;Otra tenosinovitis/tendinopatía del pulgar
WR1;Injury;Wrist;Muscle/tendon;Tendon rupture;Rupture thumb extensor tendon (excl if complication of wrist fracture - see specific fracture);"Rotura del tendón extensor del pulgar (excluido si es una complicación de la fractura de la muñeca; ver fractura específica)"
WKW;Injury;Wrist;Muscle/tendon;Laceration;Wrist laceration/abrasion;Laceracion de la muñeca
WKV;Injury;Wrist;Muscle/tendon;Laceration;Volar wrist laceration/abrasion;Laceración/abrasión palmar de la muñeca
WKPU;Injury;Wrist;Muscle/tendon;Laceration;Laceration of thumb nail/nailbed;Laceración en la uña del pulgar/lecho ungueal
WKL;Injury;Wrist;Muscle/tendon;Laceration;Palmar hand laceration;Laceración en la palma de la mano.
WKC;Injury;Wrist;Muscle/tendon;Laceration;Callous of wrist/hand (incl fingers/thumb);Callos en la muñeca/mano (incluidos los dedos y el pulgar)
WKB;Injury;Wrist;Muscle/tendon;Laceration;Blisters of wrist/hand (incl fingers/thumb);Ampolla en la muñeca/mano (incluidos los dedos y el pulgar)
WK1;Injury;Wrist;Muscle/tendon;Laceration;Dorsal wrist laceration/abrasion;Laceración/abrasión dorsal de la muñeca
WN1;Injury;Wrist;Nervous;Peripheral nerve injury;Carpal tunnel syndrome;Síndrome del túnel carpiano
WNU;Injury;Wrist;Nervous;Peripheral nerve injury;Wrist ulnar nerve injury;Lesión del nervio cubital en la muñeca.
WNX;Injury;Wrist;Nervous;Peripheral nerve injury;Wrist neurological injury;Lesión nerviosa en la muñeca.
WFU;Injury;Wrist;Bone;Fracture;Fracture of ulna styloid;Fractura de la estiloides cubital
WFT;Injury;Wrist;Bone;Fracture;Fractured trapezium;Fractura del trapecio
WFS;Injury;Wrist;Bone;Fracture;Fracture radial styloid;Fractura de la estiloides radial
WFR;Injury;Wrist;Bone;Fracture;Fracture of distal radius +/- ulna;Fractura distal de radio +/- cúbito
WFP;Injury;Wrist;Bone;Fracture;Fracture proximal pole scaphoid;Fractura del polo proximal del escafoides.
WFO;Injury;Wrist;Bone;Fracture;Fractured hook of hamate;Fractura del gancho del  ganchoso
WFM;Injury;Wrist;Bone;Fracture;Fracture multiple carpal bones;Fractura múltiple de huesos del carpo.
WFH;Injury;Wrist;Bone;Fracture;Fractured hamate;Fractura del ganchoso
WFD;Injury;Wrist;Bone;Fracture;Fracture distal pole scaphoid;Fractura del polo distal del escafoides.
WF3;Injury;Wrist;Bone;Fracture;Wrist fracture with complication (e.g. extensor pollicus longus rupture);Fractura de muñeca con complicación (p. ej. rotura del tendón extensor largo)
WF2;Injury;Wrist;Bone;Fracture;Fracture other carpal bone;Fractura de otro hueso del carpo
WF1;Injury;Wrist;Bone;Fracture;Fractured scaphoid;Fractura de escafoides
WFW;Injury;Wrist;Bone;Fracture;Fracture waist scaphoid;Fractura del cuerpo de escafoides.
WS1;Injury;Wrist;Bone;Bone stress injury;Carpal stress fracture;Fractura por estrés del hueso carpiano
WSH;Injury;Wrist;Bone;Bone stress injury;Hand stress fracture (incl thumb and fingers);Fractura por estrés de la mano (incluidos el pulgar y los dedos)
WSX;Injury;Wrist;Bone;Bone stress injury;Wrist and hand stress/overuse injuries;Lesión por estrés/sobrecarga en la muñeca/mano
WJ1;Injury;Wrist;Bone;Bone contusion;Other complication of wrist sprain;Otra complicación del esguince de muñeca
WEL;Injury;Wrist;Bone;Avascular necrosis;Avascular necrosis lunate;Necrosis avascular del semilunar
WEN;Injury;Wrist;Bone;Avascular necrosis;Non union fractured scaphoid;Pseudoartrosis de escafoides 
WEW;Injury;Wrist;Bone;Avascular necrosis;Avascular necrosis in wrist/hand;Necrosis avascular en muñeca/mano
WES;Injury;Wrist;Bone;Avascular necrosis;Avascular necrosis scaphoid;Necrosis avascular del escafoides
WGO;Injury;Wrist;Bone;Physis injury;Osteochondrosis of wrist and hand;Osteocondrosis de la muñeca/mano
WGR;Injury;Wrist;Bone;Physis injury;Epiphysitis of distal radius;Epifisitis del radio distal
WGT;Injury;Wrist;Bone;Physis injury;Traction injury to apophysis at wrist/hand;Lesión por tracción de apófisis en muñeca/mano
WCX;Injury;Wrist;Cartilage/synovium/bursa;Cartilage injury;Wrist osteochondral/chondral injury;Lesión condral/osteocondral en la muñeca
WC1;Injury;Wrist;Cartilage/synovium/bursa;Cartilage injury;Wrist fibrocartilage tear;Lesión fibrocartilaginosa en la muñeca.
WA1;Injury;Wrist;Cartilage/synovium/bursa;Arthritis;Wrist Osteoarthritis;Osteoartritis de muñeca
WAS;Injury;Wrist;Cartilage/synovium/bursa;Arthritis;Scapholunate advanced collapse (SLAC);Colapso escafolunar avanzado (lesión posterior al escafolunar)
WAW;Injury;Wrist;Cartilage/synovium/bursa;Arthritis;Wrist (radiocarpal) osteoarthritis;Osteoartritis de la articulación radiocarpiana
WQW;Injury;Wrist;Cartilage/synovium/bursa;Synovitis/capsulitis;Chronic synovitis of wrist;Sinovitis crónica de la muñeca.
WQU;Injury;Wrist;Cartilage/synovium/bursa;Synovitis/capsulitis;Ulnar abutment syndrome;Síndrome de impactación cubital
WJ2;Injury;Wrist;Ligament/joint capsule;Joint sprain;Distal radioulnar joint injury;Lesión de la articulación radiocubital distal
WJC;Injury;Wrist;Ligament/joint capsule;Joint sprain;Other carpal ligament injury;Otra lesión de ligamentos del carpo
WLR;Injury;Wrist;Ligament/joint capsule;Joint sprain;Scapholunate ligament rupture;Rotura del ligamento escafolunar
WL1;Injury;Wrist;Ligament/joint capsule;Joint sprain;Lunate - triquetral sprain;Distorsión semilunar-piramidal
WLJ;Injury;Wrist;Ligament/joint capsule;Joint sprain;Sprained/jarred wrist joint;Esguince de la articulación de la muñeca
WLL;Injury;Wrist;Ligament/joint capsule;Joint sprain;Scapholunate ligament sprain/tear;Estiramiento/desgarro del ligamento escafolunar
WLS;Injury;Wrist;Ligament/joint capsule;Joint sprain;Scapholunate ligament sprain;Esguince del ligamento escafolunar
WD1;Injury;Wrist;Ligament/joint capsule;Joint sprain;Dislocation through carpus;Luxación del carpo
WDC;Injury;Wrist;Ligament/joint capsule;Joint sprain;Dislocation of CMC joint of fingers;Luxacion de la articulación carpometacarpiana de los dedos.
WDD;Injury;Wrist;Ligament/joint capsule;Joint sprain;Distal radioulnar joint dislocation;Luxación de la articulación radiocubital distal.
WDP;Injury;Wrist;Ligament/joint capsule;Joint sprain;Dislocation of thumb joint;Luxación de la articulación del pulgar
WDX;Injury;Wrist;Ligament/joint capsule;Joint sprain;Wrist and hand dislocations;Dislocación de la muñeca/mano
WDW;Injury;Wrist;Ligament/joint capsule;Joint sprain;Radiocarpal joint dislocation;Luxación de la articulación radiocarpiana.
WU1;Injury;Wrist;Ligament/joint capsule;Chronic instability;Scapholunate Dorsal intercalated segment instability (DISI);Inestabilidad escafolunar (DISI)
WUC;Injury;Wrist;Ligament/joint capsule;Chronic instability;Carpal instability;Inestabilidad carpiana
WU2;Injury;Wrist;Ligament/joint capsule;Chronic instability;Distal radioulnar joint instability;Inestabilidad de la articulación radiocubital distal.
WUP;Injury;Wrist;Ligament/joint capsule;Chronic instability;Thumb instability;inestabilidad del pulgar
WUV;Injury;Wrist;Ligament/joint capsule;Chronic instability;Visi (volar intercalated segmental instability) wrist;Inestabilidad de muñeca VISI
WUW;Injury;Wrist;Ligament/joint capsule;Chronic instability;Radiocarpal joint instability;Inestabilidad de la articulación radiocarpiana
WUX;Injury;Wrist;Ligament/joint capsule;Chronic instability;Chronic wrist instability;Inestabilidad crónica de la muñeca
WH1;Injury;Wrist;Superficial tissues/skin;Contusion (superficial);Wrist bruising/haematoma;Moretones/Hematoma en la muñeca
WVF;Injury;Wrist;Superficial tissues/skin;Contusion (superficial);Finger bruising/haematoma;Equimosis/Hematoma en el dedo
WV1;Injury;Wrist;Superficial tissues/skin;Contusion (superficial);Wrist soft tissue bruising/haematoma;Hematomas/hematomas en los tejidos blandos de la muñeca
WIX;Injury;Wrist;Superficial tissues/skin;Abrasion;Wrist abrasion;Abrasión en la muñeca
WVX;Injury;Wrist;Vessels;Vascular trauma;Wrist vascular injury;Lesión vascular de la muñeca
WVA;Injury;Wrist;Vessels;Vascular trauma;Wrist arterial injury (incl aneurysm);Lesión arterial de la muñeca (incluido aneurisma)
WP1;Injury;Wrist;Non-specific;Injury without tissue type specified;Wrist and hand impingement/synovitis;Pinzamiento/Sinovitis en muñeca o mano
PZH;Injury;Wrist;Non-specific;Unknown;Other hand pain not otherwise specified;Otro dolor de mano no especificado de otra manera
WZS;Injury;Wrist;Non-specific;Unknown;Post surgery on wrist joint;Post-cirugía de la articulación de la muñeca
WZW;Injury;Wrist;Non-specific;Unknown;Other wrist pain not otherwise specified;Otro dolor de muñeca no especificado de otra manera
WZZ;Injury;Wrist;Non-specific;Unknown;Wrist or hand pain undiagnosed;Dolor de muñeca o mano no diagnosticado
WZ1;Injury;Wrist;Non-specific;Unknown;Other wrist injury not otherwise specified;Otra lesión en la muñeca no especificada de otra manera
PM1;Injury;Hand;Muscle/tendon;Muscle injury;Hand intrinsic muscle injury;Hand intrinsic muscle injury
PH1;Injury;Hand;Muscle/tendon;Muscle contusion;Hand muscle bruising/haematoma;Equimosis/hematoma muscular en la mano.
PT1;Injury;Hand;Muscle/tendon;Tendinopathy;Index finger flexor tendon rupture;Rotura del tendón del flexor del dedo índice.
PTT;Injury;Hand;Muscle/tendon;Tendinopathy;Trigger thumb;Chasquear el pulgar
PTP;Injury;Hand;Muscle/tendon;Tendinopathy;Flexor pulley injury fingers;Lesión de la polea de los tendones flexores de los dedos.
PTG;Injury;Hand;Muscle/tendon;Tendinopathy;Trigger finger;Dedo en gatillo
PTD;Injury;Hand;Muscle/tendon;Tendinopathy;Dupytren's contracture;Contractura de dupuytren
PTF;Injury;Hand;Muscle/tendon;Tendinopathy;Finger flexor tenosynovitis/tendinopathy;Tenosinovitis/Tendinopatía del tendón flexor de los dedos
PTP2;Injury;Hand;Muscle/tendon;Tendinopathy;Flexor A2 pulley injury;Flexor A2 pulley injury
PTP4;Injury;Hand;Muscle/tendon;Tendinopathy;Flexor A4 pulley injury;Flexor A4 pulley injury
PTE;Injury;Hand;Muscle/tendon;Tendinopathy;Finger(s) extensor tenosynovitis/tendinopathy;Finger(s) extensor tenosynovitis/tendinopathy
PRB;Injury;Hand;Muscle/tendon;Tendon rupture;Middle finger extensor tendon rupture;Rotura del tendón extensor del dedo medio.
PRC;Injury;Hand;Muscle/tendon;Tendon rupture;Ring finger extensor tendon rupture;Rotura del tendón extensor del anular
PRE;Injury;Hand;Muscle/tendon;Tendon rupture;Little finger extensor tendon rupture;Rotura del tendón extensor del dedo meñique.
PRF;Injury;Hand;Muscle/tendon;Tendon rupture;Flexor tendon rupture finger(s);Rotura del tendón flexor de la mano.
PRT;Injury;Hand;Muscle/tendon;Tendon rupture;Middle finger flexor tendon rupture;Rotura del tendón flexor  del dedo medio
PRX;Injury;Hand;Muscle/tendon;Tendon rupture;Rupture thumb flexor tendon;Rotura del tendón flexor del pulgar.
PRA;Injury;Hand;Muscle/tendon;Tendon rupture;Index finger extensor tendon rupture;Rotura del tendón extensor del dedo índice.
PR5;Injury;Hand;Muscle/tendon;Tendon rupture;Little finger flexor tendon rupture;Rotura del tendón flexor del dedo meñique.
PR1;Injury;Hand;Muscle/tendon;Tendon rupture;Finger extensor tendon injury (incl mallet finger +/- avulsion fracture distal phalanx);Lesión del tendón del extensor de los dedos (incluido el dedo en martillo +/- fractura por avulsión de la falange distal)
PR4;Injury;Hand;Muscle/tendon;Tendon rupture;Ring finger flexor tendon rupture;Rotura del tendón flexor del anular
PKH;Injury;Hand;Muscle/tendon;Laceration;Hand laceration;Laceración en la mano
PK2;Injury;Hand;Muscle/tendon;Laceration;Wrist and hand laceration/abrasion;Laceración/abrasión en muñeca y mano
PKF;Injury;Hand;Muscle/tendon;Laceration;Finger laceration;Laceración en el dedo de la mano.
PKN;Injury;Hand;Muscle/tendon;Laceration;Laceration of fingernail/nailbed;Laceración de uña/lecho ungueal
PKT;Injury;Hand;Muscle/tendon;Laceration;Thumb laceration;Laceración en el pulgar
PKD;Injury;Hand;Muscle/tendon;Laceration;Dorsal hand laceration;Laceración en el dorso de la mano.
PFX;Injury;Hand;Bone;Fracture;Multiple metacarpal fractures;Fractura múltiple de los metacarpianos.
PFC;Injury;Hand;Bone;Fracture;Fracture 3rd metacarpal;Fractura del tercer metacarpiano
PF2;Injury;Hand;Bone;Fracture;Fracture 4th metacarpal;Fractura del cuarto metacarpiano
PFJ;Injury;Hand;Bone;Fracture;Proximal phalanx fracture little finger;Fractura de la falange proximal del dedo meñique.
PFI;Injury;Hand;Bone;Fracture;Proximal phalanx fracture ring finger;Fractura e la falange proximal del dedo anular
PFH;Injury;Hand;Bone;Fracture;Proximal phalanx fracture middle finger;Fractura de la falange proximal del dedo medio.
PFG;Injury;Hand;Bone;Fracture;Proximal phalanx fracture index finger;Fractura de la falange proximal del dedo índice.
PFF;Injury;Hand;Bone;Fracture;Fracture proximal phalanx of thumb;Fractura de la falange proximal del pulgar.
PFL;Injury;Hand;Bone;Fracture;Middle phalanx fracture index finger;Fractura de la falange media del dedo índice.
PFD;Injury;Hand;Bone;Fracture;Middle phalanx fracture middle finger;Fractura de la falange media del dedo medio.
PFM;Injury;Hand;Bone;Fracture;Fracture metacarpals 2- 5;Fractura metacarpiana (II a V)
PFB;Injury;Hand;Bone;Fracture;Fracture 2nd metacarpal;Fractura del segundo metacarpiano
PFA;Injury;Hand;Bone;Fracture;Avulsion fracture phalanx;Fractura por avulsión de la falange.
PF7;Injury;Hand;Bone;Fracture;Fracture shaft 1st metacarpal;Fractura de la diáfisis del primer metacarpiano.
PF5;Injury;Hand;Bone;Fracture;Distal phalanx fracture little finger;Fractura de la falange distal del dedo meñique.
PF3;Injury;Hand;Bone;Fracture;Fractured phalanx;Fractura de falange
PF1;Injury;Hand;Bone;Fracture;Bennett's fracture/dislocation thumb;Fractura de Bennett/luxación del pulgar
PFE;Injury;Hand;Bone;Fracture;Fifth metacarpal fracture;Fractura del quinto metacarpiano
PFN;Injury;Hand;Bone;Fracture;Middle phalanx fracture ring finger;Fractura de la falange media del dedo anular.
PFO;Injury;Hand;Bone;Fracture;Middle phalanx fracture little finger;Fractura de la falange media del dedo meñique.
PFP;Injury;Hand;Bone;Fracture;Distal phalanx fracture index finger;Fractura de la falange distal del dedo índice.
PFQ;Injury;Hand;Bone;Fracture;Distal phalanx fracture middle finger;Fractura de la falange distal del dedo medio.
PFR;Injury;Hand;Bone;Fracture;Rolando fracture (comminuted fracture base 1st MC);Fractura de Rolando (fractura conminuta de la base del primer metacarpiano)
PFS;Injury;Hand;Bone;Fracture;Distal phalanx fracture ring finger;Fractura de la falange distal del dedo anular.
PFT;Injury;Hand;Bone;Fracture;Fractured thumb;Fractura del pulgar
PFU;Injury;Hand;Bone;Fracture;Multiple phalangeal fractures fingers;Fractura múltiple de falanges de los dedos.
PFK;Injury;Hand;Bone;Fracture;Fracture distal phalanx thumb;Fractura de la falange distal del pulgar.
PSS;Injury;Hand;Bone;Bone stress injury;Sesamoiditis of thumb;sesamoiditis del pulgar
PJX;Injury;Hand;Bone;Bone contusion;Hand bone contusion;Contusión óseo en la mano.
PAT;Injury;Hand;Cartilage/synovium/bursa;Arthritis;Osteoarthritis of thumb;Osteoartritis del pulgar
PAP;Injury;Hand;Cartilage/synovium/bursa;Arthritis;PIP joint osteoarthritis fingers;Osteoartritis de la articulación interfalángica proximal del dedo.
PAM;Injury;Hand;Cartilage/synovium/bursa;Arthritis;Metacarpophalangeal joint osteoarthritis;Osteoartritis de la articulacion metacarpofalangica del pulgar
PAI;Injury;Hand;Cartilage/synovium/bursa;Arthritis;Interphalangeal joint osteoarthritis;Osteoartritis de la articulación interfalángica del pulgar
PAF;Injury;Hand;Cartilage/synovium/bursa;Arthritis;Osteoarthritis of fingers;Osteoartritis del dedo de la mano.
PA1;Injury;Hand;Cartilage/synovium/bursa;Arthritis;DIP joint osteoarthritis;Osteoartritis de la articulacion interfalangica distal dedo de la mano
PAC;Injury;Hand;Cartilage/synovium/bursa;Arthritis;CMC joint osteoarthritis;Artrosis de la primera articulación carpometacarpiana.
PQI;Injury;Hand;Cartilage/synovium/bursa;Synovitis/capsulitis;Chronic Synovitis of IP joint thumb;Sinovitis crónica de la articulación interfalángica del pulgar.
PQ1;Injury;Hand;Cartilage/synovium/bursa;Synovitis/capsulitis;Complication from finger fracture (incl malunion);Complicación de fractura de dedo (incluida consolidación defectuosa)
PQC;Injury;Hand;Cartilage/synovium/bursa;Synovitis/capsulitis;Chronic synovitis of 1st CMC joint;Sinovitis crónica de la primera articulación carpometacarpiana.
PQD;Injury;Hand;Cartilage/synovium/bursa;Synovitis/capsulitis;Chronic synovitis of DIP joint(s);Sinovitis crónica de la articulación interfalángica distal del dedo.
PQF;Injury;Hand;Cartilage/synovium/bursa;Synovitis/capsulitis;Chronic synovitis of fingers;Sinovitis crónica del dedo.
PQX;Injury;Hand;Cartilage/synovium/bursa;Synovitis/capsulitis;Chronic synovitis of thumb;Sinovitis crónica del pulgar.
PQP;Injury;Hand;Cartilage/synovium/bursa;Synovitis/capsulitis;Chronic synovitis of PIP joint(s);Sinovitis crónica de la articulación interfalángica proximal del dedo.
PQJ;Injury;Hand;Cartilage/synovium/bursa;Synovitis/capsulitis;Chronic synovitis of MCP joint(s);Sinovitis crónica de la articulación metacarpofalángica del dedo.
PQM;Injury;Hand;Cartilage/synovium/bursa;Synovitis/capsulitis;Chronic synovitis of 1st MCP joint;Sinovitis crónica de la articulación metacarpofalángica del pulgar.
PLF;Injury;Hand;Ligament/joint capsule;Joint sprain;Finger joint sprain ( PIP and DIP joints);Finger joint sprain ( PIP and DIP joints)
PLR;Injury;Hand;Ligament/joint capsule;Joint sprain;Thumb radial collateral ligament (RCL) rupture at MCP joint;Rotura del ligamento colateral radial del pulgar en la articulación metacarpofalángica
PLS;Injury;Hand;Ligament/joint capsule;Joint sprain;Thumb sprain;Esguince de pulgar
PL2;Injury;Hand;Ligament/joint capsule;Joint sprain;Other hand or finger ligament tear;Otra lesión de ligamentos de la mano o los dedos
PLT;Injury;Hand;Ligament/joint capsule;Joint sprain;Thumb ip joint sprain;Esguince de la articulación interfalángica del pulgar.
PL1;Injury;Hand;Ligament/joint capsule;Joint sprain;Sprained ulnar collateral ligament (skier's) thumb;Esguince del ligamento colateral cubital del pulgar (pulgar de esquiador)
PLM;Injury;Hand;Ligament/joint capsule;Joint sprain;Metacarpophalangeal joint sprain;Esguince de articulación metacarpofalángica
PLU;Injury;Hand;Ligament/joint capsule;Joint sprain;Thumb ulnar collateral ligament (UCL) rupture at MCP joint (skier's thumb);Rotura del ligamento colateral cubital del pulgar (pulgar de esquiador)
PLC;Injury;Hand;Ligament/joint capsule;Joint sprain;Thumb cmc joint sprain;Distorsión de la primera articulación carpometacarpiana.
PDB;Injury;Hand;Ligament/joint capsule;Joint sprain;MCP joint dislocation index finger;Luxación de la articulación metacarpofalángica del dedo índice.
PDJ;Injury;Hand;Ligament/joint capsule;Joint sprain;PIP joint dislocation little finger;Luxación de la articulación interfalángica proximal del dedo meñique.
PD1;Injury;Hand;Ligament/joint capsule;Joint sprain;Dislocated metacarpophalangeal or interphalangeal joint;Luxación de articulación metacarpofalángica o interfalángica.
PD5;Injury;Hand;Ligament/joint capsule;Joint sprain;MCP joint dislocation little finger;Luxación de la articulación metacarpofalángica del dedo meñique.
PDA;Injury;Hand;Ligament/joint capsule;Joint sprain;Complication of thumb joint dislocation;Complicación de la luxación de la articulación del pulgar
PDY;Injury;Hand;Ligament/joint capsule;Joint sprain;PIP joint dislocation finger unknown;Luxación de articulación interfalángica proximal de dedo desconocido
PDC;Injury;Hand;Ligament/joint capsule;Joint sprain;MCP joint dislocation middle finger;Luxación de la articulación metacarpofalángica media.
PDE;Injury;Hand;Ligament/joint capsule;Joint sprain;MCP joint dislocation of two or more fingers;Luxación de dos o más articulaciones metacarpofalángicas de los dedos.
PDF;Injury;Hand;Ligament/joint capsule;Joint sprain;Dislocation of interphalangeal joint thumb;Luxación de la articulación interfalángica del pulgar.
PDG;Injury;Hand;Ligament/joint capsule;Joint sprain;Proximal interphalangeal (PIP) joint dislocation index finger;Luxación de la articulación interfalángica proximal del dedo índice.
PDD;Injury;Hand;Ligament/joint capsule;Joint sprain;MCP joint dislocation ring finger;Luxación de la articulación metacarpofalángica del dedo anular.
PDI;Injury;Hand;Ligament/joint capsule;Joint sprain;PIP joint dislocation ring finger;Luxación de la articulación interfalángica proximal del dedo anular.
PDX;Injury;Hand;Ligament/joint capsule;Joint sprain;DIP joint dislocation finger unknown;Luxación de articulación interfalángica distal de dedo desconocido
PDK;Injury;Hand;Ligament/joint capsule;Joint sprain;DIP joint dislocation index finger;Luxación de la articulación interfalángica distal del dedo índice.
PDL;Injury;Hand;Ligament/joint capsule;Joint sprain;DIP joint dislocation middle finger;Luxación de la articulación interfalángica distal del dedo medio.
PDM;Injury;Hand;Ligament/joint capsule;Joint sprain;DIP joint dislocation ring finger;Luxación de la articulación interfalángica distal del dedo anular.
PDN;Injury;Hand;Ligament/joint capsule;Joint sprain;Multiple PIP and/or DIP joint dislocations;Luxación múltiple de articulaciones interfalángicas proximales y/o distales.
PDQ;Injury;Hand;Ligament/joint capsule;Joint sprain;Dislocation CMC joint thumb;Luxación de la articulación carpometacarpiana del pulgar.
PDS;Injury;Hand;Ligament/joint capsule;Joint sprain;DIP joint dislocation little finger;Luxación de la articulación interfalángica distal del dedo meñique.
PDT;Injury;Hand;Ligament/joint capsule;Joint sprain;Dislocation of MCP joint thumb;Luxación de la articulación metacarpofalángica del pulgar.
PDV;Injury;Hand;Ligament/joint capsule;Joint sprain;Finger joint dislocation with volar plate injury;Luxación articular de la articulación del dedo con lesión de la placa volar.
PDW;Injury;Hand;Ligament/joint capsule;Joint sprain;Dislocation of MCP joint finger(s);Luxación de la articulación metacarpofalángica de los dedos.
PDH;Injury;Hand;Ligament/joint capsule;Joint sprain;PIP joint dislocation middle finger;Luxación de la articulación interfalángica proximal del dedo medio.
PUK;Injury;Hand;Ligament/joint capsule;Chronic instability;Complication of finger MCP joint sprain;Complicación del esguince de la articulación metacarpofalángica de los dedos
PUQ;Injury;Hand;Ligament/joint capsule;Chronic instability;Complication of MCP joint sprain excl chronic instability;Complicación del esguince de la articulación metacarpofalángica excluyendo inestabilidad crónica
PU1;Injury;Hand;Ligament/joint capsule;Chronic instability;Finger PIP or DIP joint instability;Inestabilidad de la articulación interfalángica proximal/distal a los dedos.
PUC;Injury;Hand;Ligament/joint capsule;Chronic instability;Instability 1st CMC joint;Inestabilidad de la primera articulación carpometacarpiana.
PUD;Injury;Hand;Ligament/joint capsule;Chronic instability;Complication of PIP/DIP joint dislocation;Complicación de la luxación de la articulación interfalángica proximal/distal
PUF;Injury;Hand;Ligament/joint capsule;Chronic instability;Finger MCP joint instability;Inestabilidad de la articulación metacarpofalángica de los dedos.
PUI;Injury;Hand;Ligament/joint capsule;Chronic instability;Interphalangeal joint instability of thumb;Inestabilidad de la articulación interfalángica del pulgar.
PUM;Injury;Hand;Ligament/joint capsule;Chronic instability;Instability 1st MCP joint;Inestabilidad de la articulación metacarpofalángica del pulgar.
PVH;Injury;Hand;Superficial tissues/skin;Contusion (superficial);Thumbnail haematoma;Hematoma en miniatura
PVN;Injury;Hand;Superficial tissues/skin;Contusion (superficial);Fingernail haematoma;Hematoma en la uña de la mano.
PVT;Injury;Hand;Superficial tissues/skin;Contusion (superficial);Thumb bruising/haematoma;Moretones/Hematoma en el pulgar
PIX;Injury;Hand;Superficial tissues/skin;Abrasion;Hand abrasion;Abrasión en la mano
PP1;Injury;Hand;Non-specific;Injury without tissue type specified;Other finger pain not otherwise specified;Otro dolor en los dedos no especificado de otra manera
PP2;Injury;Hand;Non-specific;Injury without tissue type specified;Chronic regional pain syndrome;Síndrome doloroso regional complejo
PPT;Injury;Hand;Non-specific;Injury without tissue type specified;Other thumb pain not otherwise specified;Otro dolor en el pulgar no especificado de otra manera
PZS;Injury;Hand;Non-specific;Unknown;Post hand surgery;Postcirugía de la mano
CM2;Injury;Chest;Muscle/tendon;Muscle injury;Chest muscle strain;Lesión muscular de la caja torácica.
CT1;Injury;Chest;Muscle/tendon;Tendinopathy;Intercostal tendinopathy;Tendinopatía intercostal
CKBX;Injury;Chest;Muscle/tendon;Laceration;Breast laceration;Laceración mamaria
CK8;Injury;Chest;Muscle/tendon;Laceration;Truncal laceration/abrasion not requiring suturing;Laceración/abrasión abdominal que no requiere sutura
CKX;Injury;Chest;Muscle/tendon;Laceration;Chest wall laceration/abrasion;Laceración/abrasión de la caja torácica
CFA;Injury;Chest;Bone;Fracture;Fracture upper rib (1- 4);Fractura de costilla superior (I-IV)
CFX;Injury;Chest;Bone;Fracture;Chest fracture(s);Fractura(s) de la caja torácica
CFB;Injury;Chest;Bone;Fracture;Fracture middle rib (5 - 9);Fractura de costilla media (V-IX)
CFM;Injury;Chest;Bone;Fracture;Fracture multiple ribs;Fractura costal múltiple
CF1;Injury;Chest;Bone;Fracture;Fractured rib(s);Fractura(s) de costilla.
CFL;Injury;Chest;Bone;Fracture;Fracture lower rib (10 - 12);Fractura de costilla inferior (X-XII)
CFC;Injury;Chest;Bone;Fracture;Fracture of costochondral margin;Fractura del margen costocondral
CF2;Injury;Chest;Bone;Fracture;Sternal fracture;Fractura del esternón
CS1;Injury;Chest;Bone;Bone stress injury;Stress fracture rib(s);Fractura por estrés de costilla(s).
CSR;Injury;Chest;Bone;Bone stress injury;Stress reaction rib(s);Reacción al estrés de la(s) costilla (s)
CJ1;Injury;Chest;Bone;Bone contusion;Bruised ribs/chest wall;Equimosis en las costillas/caja torácica
CJS;Injury;Chest;Bone;Bone contusion;Bruised sternum;Moretones en el esternón
CCR;Injury;Chest;Cartilage/synovium/bursa;Cartilage injury;Costochondritis;Costocondritis
CC1;Injury;Chest;Cartilage/synovium/bursa;Cartilage injury;Costal cartilage/costochondral joint injury;Lesión de la articulación costocondral/cartílago costal
CQC;Injury;Chest;Cartilage/synovium/bursa;Synovitis/capsulitis;Synovitis of chest joint;Sinovitis de la articulación de la caja torácica
CQS;Injury;Chest;Cartilage/synovium/bursa;Synovitis/capsulitis;Synovitis of sternoclavicular joint;Sinovitis de la articulación esternoclavicular
CLS;Injury;Chest;Ligament/joint capsule;Joint sprain;Sternoclavicular joint sprains;Esguince de la articulación esternoclavicular
CL1;Injury;Chest;Ligament/joint capsule;Joint sprain;Costovertebral joint sprains;Esguince de articulación costovertebral
CLP;Injury;Chest;Ligament/joint capsule;Joint sprain;Posterior sternoclavicular joint sprain;Esguince de la articulación esternoclavicular posterior
CLX;Injury;Chest;Ligament/joint capsule;Joint sprain;Chest joint sprains;Esguince de la articulación de la caja torácica
CLA;Injury;Chest;Ligament/joint capsule;Joint sprain;Anterior sternoclavicular (S/C) joint sprain;Esguince de la articulación esternoclavicular anterior
CDS;Injury;Chest;Ligament/joint capsule;Joint sprain;Sternoclavicular joint dislocation;Luxación de la articulación esternoclavicular.
CDX;Injury;Chest;Ligament/joint capsule;Joint sprain;Chest dislocations;Dislocación de la caja torácica
CDP;Injury;Chest;Ligament/joint capsule;Joint sprain;Posterior sternoclavicular joint dislocation;Luxación de la articulación esternoclavicular posterior.
CDC;Injury;Chest;Ligament/joint capsule;Joint sprain;Costochondral joint dislocation;Luxación de la articulación costocondral
CUS;Injury;Chest;Ligament/joint capsule;Chronic instability;Sternoclavicular joint instability;Inestabilidad de la articulación esternoclavicular.
CUC;Injury;Chest;Ligament/joint capsule;Chronic instability;Costochondral joint instability;Inestabilidad de la articulación costocondral
CH2;Injury;Chest;Superficial tissues/skin;Contusion (superficial);Chest wall soft tissue bruising/haematoma;Equimosis de tejidos blandos de la caja torácica.
CIBC;Injury;Chest;Superficial tissues/skin;Abrasion;Breast of torso chaffing (friction injury);Irritación de los senos (lesión por fricción)
CII;Injury;Chest;Superficial tissues/skin;Abrasion;Chest wall abrasion (incl complications);Abrasión de la caja torácica (incluidas complicaciones)
CIBX;Injury;Chest;Superficial tissues/skin;Abrasion;Breast abrasion;Abrasión mamaria
CVBH;Injury;Chest;Internal organs;Organ trauma;Breast haematoma/trauma;Hematoma/traumatismo mamario
CVB1;Injury;Chest;Internal organs;Organ trauma;Breast haematoma/trauma;Hematoma/traumatismo mamario
CVBR;Injury;Chest;Internal organs;Organ trauma;Breast implant rupture;Rotura de implante mamario
CVBM;Injury;Chest;Internal organs;Organ trauma;Milk-duct injury;Daño al conducto lácteo.
CVB4;Injury;Chest;Internal organs;Organ trauma;Structural breast deformity delayed presentation related to breast trauma;Presentación tardía de deformidad estructural mamaria relacionada con traumatismo mamario.
CVB3;Injury;Chest;Internal organs;Organ trauma;Breast fat necrosis or oil cyst delayed presentation related to breast trauma;Necrosis grasa mamaria o quiste oleoso de presentación tardía relacionada con traumatismo mamario
CVB2;Injury;Chest;Internal organs;Organ trauma;Severe breast haematoma associated with rapid expansion in breast size;Hematoma mamario severo asociado con una rápida expansión del tamaño de los senos
CO1;Injury;Chest;Internal organs;Organ trauma;Haemothorax;Hemotórax
COP;Injury;Chest;Internal organs;Organ trauma;Pneumothorax;Neumotórax
COX;Injury;Chest;Internal organs;Organ trauma;Lung/heart traumatic injury;Lesión traumática pulmonar/corazón
CPB1;Injury;Chest;Non-specific;Injury without tissue type specified;Exercise-related breast pain;Dolor de mama relacionado con la actividad física.
CPX;Injury;Chest;Non-specific;Injury without tissue type specified;Chest injury without tissue type specified;Lesión de la caja torácica sin especificación de tejido
CZ1;Injury;Chest;Non-specific;Unknown;Chest pain undiagnosed;Lesión de la caja torácica no diagnosticada
DMM;Injury;Thoracic spine;Muscle/tendon;Muscle injury;Thoracic muscle strain/spasm/trigger points;Puntos gatillo/espasmo/distensión del músculo torácico
DM1;Injury;Thoracic spine;Muscle/tendon;Muscle injury;Thoracic extensor muscle strain;Lesión muscular del músculo extensor torácico.
DKX;Injury;Thoracic spine;Muscle/tendon;Laceration;Thoracic laceration;Laceración torácica
DFX;Injury;Thoracic spine;Bone;Fracture;Thoracic spine fracture;Fractura de la columna torácica
DFT;Injury;Thoracic spine;Bone;Fracture;Fracture transverse or posterior process thoracic spine;Fractura de apofisi transversa o espinosa vertebral torácico
DF1;Injury;Thoracic spine;Bone;Fracture;Fracture thoracic vertebral body;Fractura del cuerpo vertebral torácico
DSX;Injury;Thoracic spine;Bone;Bone stress injury;Thoracic spine stress/compression fracture;Fractura por estrés/compresión de la columna torácica
DJX;Injury;Thoracic spine;Bone;Bone contusion;Thoracic spine bone contusion;Contusión ósea en la columna torácica.
DGS;Injury;Thoracic spine;Bone;Physis injury;Osteochondrosis spine;Osteocondrosis de la columna torácica.
DG1;Injury;Thoracic spine;Bone;Physis injury;Scheuermanns disease;Enfermedad de Scheuermann
DC1;Injury;Thoracic spine;Cartilage/synovium/bursa;Cartilage injury;Thoracic disc prolapse;Prolapso de disco torácico
DA1;Injury;Thoracic spine;Cartilage/synovium/bursa;Arthritis;Facet joint osteoarthritis thoracic spine;Osteoartritis de la articulación torácica
DAX;Injury;Thoracic spine;Cartilage/synovium/bursa;Arthritis;Thoracic spine osteoarthritis;Osteoartritis de la columna torácica
DQV;Injury;Thoracic spine;Cartilage/synovium/bursa;Synovitis/capsulitis;Inflammation/stiffness of costovertebral joints;Inflamación/rigidez de la articulación costovertebral
DLJ;Injury;Thoracic spine;Ligament/joint capsule;Joint sprain;Thoracic spine joint injury;Lesión de la articulación de la columna torácica
DL1;Injury;Thoracic spine;Ligament/joint capsule;Joint sprain;Thoracic facet joint sprain;Esguince de las articulaciones torácicas
DUV;Injury;Thoracic spine;Ligament/joint capsule;Chronic instability;Costovertebral joint instability;Inestabilidad de la articulación costovertebral
DH1;Injury;Thoracic spine;Superficial tissues/skin;Contusion (superficial);Thoracic soft tissue bruising/haematoma;Hematomas/hematomas en los tejidos blandos torácicos
DIX;Injury;Thoracic spine;Superficial tissues/skin;Abrasion;Thoracic abrasion (including infection);Abrasión del pecho (incluida la infección)
DPY;Injury;Thoracic spine;Non-specific;Injury without tissue type specified;Thoracic muscle trigger points;Punto gatillo del músculo torácico
DPP;Injury;Thoracic spine;Non-specific;Injury without tissue type specified;Thoracic functional pain;Dolor torácico funcional
DP1;Injury;Thoracic spine;Non-specific;Injury without tissue type specified;Chronic thoracic functional pain;Dolor funcional crónico en la columna torácica.
DZX;Injury;Thoracic spine;Non-specific;Unknown;Thoracic pain/injury not otherwise specified;Dolor/lesión torácica no especificada de otra manera
DZ1;Injury;Thoracic spine;Non-specific;Unknown;Thoracic pain undiagnosed;Dolor en el pecho no diagnosticado
LMG;Injury;Lumbosacral;Muscle/tendon;Muscle injury;Gluteal muscle strain;Distensión muscular en las nalgas.
LMZ;Injury;Lumbosacral;Muscle/tendon;Muscle injury;Buttock muscle soreness/trigger points;Puntos gatillo en el músculo glúteo.
LMP;Injury;Lumbosacral;Muscle/tendon;Muscle injury;Piriformis muscle strain;Distensión del músculo piriforme
LMB;Injury;Lumbosacral;Muscle/tendon;Muscle injury;Buttock muscle strain/spasm/trigger points;Puntos gatillo/espasmo/distensión muscular en los glúteos
LM1;Injury;Lumbosacral;Muscle/tendon;Muscle injury;Lumbar spine muscle and tendon strain/spasm/trigger points;Puntos gatillo/espasmo/distensión muscular o tendinosa en la columna lumbar
LMT;Injury;Lumbosacral;Muscle/tendon;Muscle injury;Lumbar soreness or muscle spasm;Punto gatillo o espasmo muscular lumbar
LTP;Injury;Lumbosacral;Muscle/tendon;Tendinopathy;Piriformis tendinopathy/soreness;Tendinopatía piriforme
LK1;Injury;Lumbosacral;Muscle/tendon;Laceration;Complication of lumbosacral laceration incl infection;Complicación de la laceración lumbar, incluida infección
LKB;Injury;Lumbosacral;Muscle/tendon;Laceration;Pelvic/buttock laceration;Laceración en la pelvis/nalgas
LKX;Injury;Lumbosacral;Muscle/tendon;Laceration;Lumbar laceration;Laceración lumbar
LNX;Injury;Lumbosacral;Nervous;Brain/spinal cord injury;Lumbar spine neurological injury;Lesión nerviosa de la columna lumbar.
LNFX;Injury;Lumbosacral;Nervous;Brain/spinal cord injury;Lumbar spinal fracture with associated neurological injury;Fractura de vértebra lumbar con lesión nerviosa asociada
LNFC;Injury;Lumbosacral;Nervous;Brain/spinal cord injury;Lumbar spinal fracture with spinal cord/cauda equina injury;Fractura de vértebra lumbar con lesión medular/cauda equina
LN4;Injury;Lumbosacral;Nervous;Brain/spinal cord injury;Lumbosacral nerve stretch/traction injury;Lesión por estiramiento/tracción del nervio lumbosacro
LN3;Injury;Lumbosacral;Nervous;Brain/spinal cord injury;Lumbar spinal canal stenosis;Estenosis lumbar del canal espinal
LN1;Injury;Lumbosacral;Nervous;Brain/spinal cord injury;Lumbar spinal injury;Lesión de la columna lumbar
LNA;Injury;Lumbosacral;Nervous;Peripheral nerve injury;Lumbosacral nerve root impingement due to foraminal stenosis bony and disc;Pinzamiento de la raíz del nervio lumbosacro para la estenosis foraminal del hueso y del disco
LNB;Injury;Lumbosacral;Nervous;Peripheral nerve injury;Buttock nerve injury;Lesión nerviosa en la nalga.
LNZ;Injury;Lumbosacral;Nervous;Peripheral nerve injury;Other lumbosacral nerve injury;Otra lesión del nervio lumbosacro
LNP;Injury;Lumbosacral;Nervous;Peripheral nerve injury;Piriformis syndrome (with sciatic nerve impingement);Síndrome piriforme (con pinzamiento del nervio ciático)
LNBP;Injury;Lumbosacral;Nervous;Peripheral nerve injury;Pudendal nerve injury;Lesión del nervio pudendo
LN2;Injury;Lumbosacral;Nervous;Peripheral nerve injury;Lumbar nerve root impingement due to foraminal stenosis bony and disc;Pinzamiento de la raíz del nervio lumbar para la estenosis de los orificios óseos y discales
LFS;Injury;Lumbosacral;Bone;Fracture;Fractured sacrum;Fractura del sacro
LFZ;Injury;Lumbosacral;Bone;Fracture;Other lumbar spine fracture;Otra fractura de vértebra lumbar
LFX;Injury;Lumbosacral;Bone;Fracture;Lumbar spine fracture;Fractura de vértebra lumbar
LFV;Injury;Lumbosacral;Bone;Fracture;Lumbar spine vertebral body fracture;Fractura del cuerpo vertebral de la vértebra lumbar.
LFSX;Injury;Lumbosacral;Bone;Fracture;Lumbar spinous process fracture;Fractura apófisis espinosa lumbar 
LFP;Injury;Lumbosacral;Bone;Fracture;Pelvic fracture(s);Fractura(s) de pelvis.
LFI;Injury;Lumbosacral;Bone;Fracture;Fractured ischium;Fractura del isquion
LFD;Injury;Lumbosacral;Bone;Fracture;Lumbar pedicle fracture;Fractura del pedículo de la vértebra lumbar.
LFC;Injury;Lumbosacral;Bone;Fracture;Complication of lumbar fracture;Complicación de la fractura de vértebra lumbar
LFA;Injury;Lumbosacral;Bone;Fracture;Lumbar pars interarticularis acute fracture;Fractura aguda de la pars interarticularis de la vértebra lumbar.
LFT;Injury;Lumbosacral;Bone;Fracture;Fracture transverse process(es);Fractura apófisis transverso lumbar 
LFM;Injury;Lumbosacral;Bone;Fracture;Multiple lumbar spine fractures;Fractura múltiple de vértebra(s) lumbar(es).
LS1;Injury;Lumbosacral;Bone;Bone stress injury;Stress fracture lumbar spine;Fractura por estrés de vértebra lumbar
LSU;Injury;Lumbosacral;Bone;Bone stress injury;Pars stress fracture L1 - L3;Fractura por estrés de la pars interarticularis de la vértebra lumbar (L1-L3)
LSI;Injury;Lumbosacral;Bone;Bone stress injury;Stress fracture ilium;Fractura por estrés del ilion
LSP;Injury;Lumbosacral;Bone;Bone stress injury;Pars interarticularis stress fracture;Fractura por estrés de la pars interarticularis de la vértebra lumbar.
LSM;Injury;Lumbosacral;Bone;Bone stress injury;Multiple (incl bilateral) pars stress fractures;Fractura por estrés múltiple de la pars interarticularis de la vértebra lumbar (incluida la bilateral)
LSLX;Injury;Lumbosacral;Bone;Bone stress injury;Other lumbar spine stress fracture;Otra fractura por estrés de las vértebras lumbares
LSL;Injury;Lumbosacral;Bone;Bone stress injury;Spondylolisthesis lumbar;Espondilolistesis lumbar
LSIS;Injury;Lumbosacral;Bone;Bone stress injury;Stress fracture ischium;Fractura por estrés del isquion
LSS;Injury;Lumbosacral;Bone;Bone stress injury;Stress fracture sacrum;Fractura por estrés del sacro.
LSF;Injury;Lumbosacral;Bone;Bone stress injury;Pars stress fracture L5;Fractura por estrés de la pars interarticularis de la vértebra lumbar (L5)
LSE;Injury;Lumbosacral;Bone;Bone stress injury;Pars stress fracture L4;Fractura por estrés de la pars interarticularis de la vértebra lumbar (L4)
LSC;Injury;Lumbosacral;Bone;Bone stress injury;Stress fracture coccyx;Fractura por estrés del cóccix
LS2;Injury;Lumbosacral;Bone;Bone stress injury;Lumbar stress reaction;Reacción al estrés de las vértebras lumbares
LSG;Injury;Lumbosacral;Bone;Bone stress injury;Other stress fracture pelvis;Otra fractura por estrés de la pelvis
LS3;Injury;Lumbosacral;Bone;Bone stress injury;Lumbar pedicle stress fracture;Fractura por estrés del pedículo de la vértebra lumbar.
LJX;Injury;Lumbosacral;Bone;Bone contusion;Lumbar spine/buttock bone contusion;Contusión ósea de la columna lumbar/nalgas
LGJ;Injury;Lumbosacral;Bone;Physis injury;Lumbar spine joint injury;Lesión articular de la columna lumbar.
LC1;Injury;Lumbosacral;Cartilage/synovium/bursa;Cartilage injury;Lumbar discogenic pain;Prolapso/hernia de disco lumbar
LC2;Injury;Lumbosacral;Cartilage/synovium/bursa;Cartilage injury;Disc degeneration;Degeneración del disco lumbar
LC3;Injury;Lumbosacral;Cartilage/synovium/bursa;Cartilage injury;Lumbar disc annular tear;Lesión de disco lumbar
LCP;Injury;Lumbosacral;Cartilage/synovium/bursa;Cartilage injury;Lumbar disc prolapse;Prolapso de disco lumbar
LAE;Injury;Lumbosacral;Cartilage/synovium/bursa;Arthritis;Degenerative L5/S1 disc disease;Degeneración del disco L5/S1
LAD;Injury;Lumbosacral;Cartilage/synovium/bursa;Arthritis;Degenerative L4/L5 disc disease;Degeneración del disco L4/L5 
LAM;Injury;Lumbosacral;Cartilage/synovium/bursa;Arthritis;Degenerative disc disease multiple levels lumbar spine;Degeneración discal múltiple de los discos lumbares.
LAX;Injury;Lumbosacral;Cartilage/synovium/bursa;Arthritis;Osteoarthritis lumbosacral spine;Osteoartritis  vertebral lumbosacra
LA1;Injury;Lumbosacral;Cartilage/synovium/bursa;Arthritis;Facet joint osteoarthritis lumbosacral spine;Osteoarthritis de las articulaciones facetarias de la columna lumbosacra
LLJ;Injury;Lumbosacral;Ligament/joint capsule;Joint sprain;Spinal joint sprain;Esguince de articulación espinal
LLI;Injury;Lumbosacral;Ligament/joint capsule;Joint sprain;Iliolumbar ligament pain;Dolor del ligamento iliolumbar
LLF;Injury;Lumbosacral;Ligament/joint capsule;Joint sprain;Lumbar facet joint sprain;Esguince de articulación de interfaz lumbar
LL1;Injury;Lumbosacral;Ligament/joint capsule;Joint sprain;Lumbar region ligament sprain;Esguince de ligamento en la región lumbar.
LLS;Injury;Lumbosacral;Ligament/joint capsule;Joint sprain;Sacroiliac joint sprain;Esguince de la articulación sacroilíaca
LLC;Injury;Lumbosacral;Ligament/joint capsule;Joint sprain;Sacrococcygeal joint injury/pain;Lesión/dolor de la articulación sacrococcígea
LU1;Injury;Lumbosacral;Ligament/joint capsule;Chronic instability;Lumbar instability;inestabilidad lumbar
LUT;Injury;Lumbosacral;Ligament/joint capsule;Chronic instability;Grade 2-3 spondylolisthesis lumbar spine;Espondilolistesis de grado 2-3 de la columna lumbar
LUSX;Injury;Lumbosacral;Ligament/joint capsule;Chronic instability;Spondylolisthesis any level;Espondilolistesis (cualquier nivel)
LUSD;Injury;Lumbosacral;Ligament/joint capsule;Chronic instability;Grade 4 spondylolisthesis lumbar spine;Espondilolistesis de grado 4 de la columna lumbar.
LUS;Injury;Lumbosacral;Ligament/joint capsule;Chronic instability;Sacroiliac joint instability;Inestabilidad de la articulación sacroilíaca.
LUP;Injury;Lumbosacral;Ligament/joint capsule;Chronic instability;Lumbosacral instability;inestabilidad lumbosacra
LUR;Injury;Lumbosacral;Ligament/joint capsule;Chronic instability;Retrolisthesis lumbar spine;Retrolistesis espinal lumbar
LHS;Injury;Lumbosacral;Superficial tissues/skin;Contusion (superficial);SIJ bruising/haematoma;Equimosis/Hematoma en la articulación sacroilíaca
LH1;Injury;Lumbosacral;Superficial tissues/skin;Contusion (superficial);Lumbar contusion/haematoma;Contusión/hematoma lumbar
LHB;Injury;Lumbosacral;Superficial tissues/skin;Contusion (superficial);Buttock soft tissue bruising/haematoma;Hematomas/hematomas en los tejidos blandos de la nalga
LIB;Injury;Lumbosacral;Superficial tissues/skin;Abrasion;Buttock abrasion incl skin pressure injury;Abrasión en las nalgas, incluidas llagas por decubito
LP1;Injury;Lumbosacral;Non-specific;Injury without tissue type specified;Chronic lumbar functional pain;Dolor lumbar funcional crónico.
LPS;Injury;Lumbosacral;Non-specific;Injury without tissue type specified;Sacroiliac joint injury/pain;Dolor/lesión en la articulación sacroilíaca
LZX;Injury;Lumbosacral;Non-specific;Unknown;Lumbar pain/injury not otherwise specified;Dolor/lesión lumbar no especificada de otra manera
LZ1;Injury;Lumbosacral;Non-specific;Unknown;Lumbar pain non-specific;Dolor lumbar inespecífico
LZB;Injury;Lumbosacral;Non-specific;Unknown;Buttock pain not otherwise specified;Dolor de glúteos no especificado
LZH;Injury;Lumbosacral;Non-specific;Unknown;Lumbar pain with hamstring referral;Dolor lumbar que se irradia a la zona posterior del muslo.
LZU;Injury;Lumbosacral;Non-specific;Unknown;Buttock pain undiagnosed;Dolor de glúteos no diagnosticado
OMO;Injury;Abdomen;Muscle/tendon;Muscle injury;Abdominal oblique muscle strain;Distensión del músculo abdominal oblicuo
OMM;Injury;Abdomen;Muscle/tendon;Muscle injury;Truncal muscle strain;Distensión de los músculos abdominales
OMA;Injury;Abdomen;Muscle/tendon;Muscle injury;Transversus abdominis muscle strain;Estiramiento del músculo transverso del abdomen.
OMW;Injury;Abdomen;Muscle/tendon;Muscle injury;Winded;Sin aliento (dificultad para respirar)
OM1;Injury;Abdomen;Muscle/tendon;Muscle injury;Truncal muscle trigger points/spasm;Puntos gatillo/espasmo muscular en el tronco
OMY;Injury;Abdomen;Muscle/tendon;Muscle injury;Rectus abdominis trigger points/spasm;Puntos gatillo/espasmo del músculo recto abdominal
OMT;Injury;Abdomen;Muscle/tendon;Muscle injury;Abdominal muscle soreness or spasm;Puntos gatillo/espasmo muscular en el abdomen
OTS;Injury;Abdomen;Muscle/tendon;Tendinopathy;Abdominal tendon insertion strain;Distensión del tendón abdominal distal
OTU;Injury;Abdomen;Muscle/tendon;Tendinopathy;Umbilical hernia;Hernia umbilical
OTR;Injury;Abdomen;Muscle/tendon;Tendinopathy;Rectus abdominus tendinopathy;Tendinopatía del recto abdominal
OTI;Injury;Abdomen;Muscle/tendon;Tendinopathy;Direct inguinal hernia;Hernia inguinal directa
OTH;Injury;Abdomen;Muscle/tendon;Tendinopathy;Sports hernia/abdominal tendinopathy;Tendinopatía abdominal/Hernia deportiva
OTA;Injury;Abdomen;Muscle/tendon;Tendinopathy;Abdominal tendon insertion injury;Lesión del tendón abdominal distal
OT2;Injury;Abdomen;Muscle/tendon;Tendinopathy;Costolliac impingement;Pinzamiento costiliaco
OT1;Injury;Abdomen;Muscle/tendon;Tendinopathy;Divarication of rectus abdominis;Diástasis del recto abdominal
OTX;Injury;Abdomen;Muscle/tendon;Tendinopathy;Abdominal tendon injury;Lesión del tendón abdominal
ORI;Injury;Abdomen;Muscle/tendon;Tendon rupture;Abdominal tendon insertion rupture;Rotura del tendón abdominal distal
OKS;Injury;Abdomen;Muscle/tendon;Laceration;Truncal laceration requiring suturing;Laceración abdominal que requiere sutura
OKX;Injury;Abdomen;Muscle/tendon;Laceration;Truncal laceration/abrasion;Laceración/Abrasión del abdomen
OH1;Injury;Abdomen;Superficial tissues/skin;Contusion (superficial);Abdominopelvic soft tissue bruising/haematoma;Hematomas/hematomas en los tejidos blandos abdominales
OIX;Injury;Abdomen;Superficial tissues/skin;Abrasion;Complication of abrasion to trunk - including infection;Complicación de la abrasión abdominal, incluida infección
OO1;Injury;Abdomen;Internal organs;Organ trauma;Intestinal trauma;traumatismo intestinal
OOB;Injury;Abdomen;Internal organs;Organ trauma;Bladder trauma;Trauma en la vejiga
OOH;Injury;Abdomen;Internal organs;Organ trauma;Trunk and abdominal injury;Lesión abdominal
OOK;Injury;Abdomen;Internal organs;Organ trauma;Kidney trauma;Trauma en el riñón
OOM;Injury;Abdomen;Internal organs;Organ trauma;Multiple organ trauma;Traumatismo múltiple en órganos abdominales.
OOL;Injury;Abdomen;Internal organs;Organ trauma;Liver trauma;Trauma hepático
OOP;Injury;Abdomen;Internal organs;Organ trauma;Pancreatic trauma;Trauma en el páncreas
OOS;Injury;Abdomen;Internal organs;Organ trauma;Spleen trauma;Trauma en el bazo
OOZ;Injury;Abdomen;Internal organs;Organ trauma;Other organ trauma not otherwise specified;Otros traumatismos de órganos abdominales no especificados de otra manera
OOX;Injury;Abdomen;Internal organs;Organ trauma;Abdominal organ injury;Lesión de órganos abdominales
OPS;Injury;Abdomen;Non-specific;Injury without tissue type specified;Runner's stitch;Puntada de lado (dolor de costado)
OPY;Injury;Abdomen;Non-specific;Injury without tissue type specified;Abdominal muscle cramps;Calambres musculares en el abdomen.
OP1;Injury;Abdomen;Non-specific;Injury without tissue type specified;Exertional abdominal pain;Dolor abdominal debido al esfuerzo.
OZ1;Injury;Abdomen;Non-specific;Unknown;Abdominal pain undiagnosed;Dolor abdominal no diagnosticado
OZX;Injury;Abdomen;Non-specific;Unknown;Abdominal pain not otherwise specified;Dolor abdominal no especificado
GMA;Injury;Hip/groin;Muscle/tendon;Muscle injury;Proximal adductor trigger points;Puntos gatillo musculares en los aductores proximales.
GMY;Injury;Hip/groin;Muscle/tendon;Muscle injury;Groin soreness or trigger points;Puntos gatillo musculares en la region inguinal
GMR;Injury;Hip/groin;Muscle/tendon;Muscle injury;Rectus abdominus strain;Estiramiento del músculo recto del abdomen.
GMP;Injury;Hip/groin;Muscle/tendon;Muscle injury;Iliopsoas muscle strain/tear;Lesión del músculo iliopsoas
GMFP;Injury;Hip/groin;Muscle/tendon;Muscle injury;Psoas muscle strain/tear;Lesión del músculo psoas
GM8;Injury;Hip/groin;Muscle/tendon;Muscle injury;Hip and groin muscle strain/tear;Lesión del músculo de la cadera/ingle
GM1;Injury;Hip/groin;Muscle/tendon;Muscle injury;Hip flexor muscle strain;Lesión muscular de los flexores de la cadera.
GMI;Injury;Hip/groin;Muscle/tendon;Muscle injury;Soreness/trigger points iliopsoas;Puntos gatillo del iliopsoas
GTS;Injury;Hip/groin;Muscle/tendon;Tendinopathy;Snapping psoas tendon;Chasquido, resalto del tendón del psoas
GTL;Injury;Hip/groin;Muscle/tendon;Tendinopathy;Adductor longus tendon injury;Lesión del tendón del aductor largo
GTLS;Injury;Hip/groin;Muscle/tendon;Tendinopathy;Adductor longus tendon strain;Distensión del tendón del aductor largo
GTMS;Injury;Hip/groin;Muscle/tendon;Tendinopathy;Adductor magnus tendon strain;Lesión del tendón del aductor mayor
GTX;Injury;Hip/groin;Muscle/tendon;Tendinopathy;Hip and groin tendon injuries;Lesión del tendón de la cadera/ingle
GTO;Injury;Hip/groin;Muscle/tendon;Tendinopathy;Abdominal tendon insertion tendinopathy;Tendinopatía abdominal distal
GTRS;Injury;Hip/groin;Muscle/tendon;Tendinopathy;Rectus femoris tendon strain;Estiramiento del tendón del recto femoral proximal
GTSS;Injury;Hip/groin;Muscle/tendon;Tendinopathy;Sartorius tendon strain;Lesión del tendón sartorio proximal
GTM;Injury;Hip/groin;Muscle/tendon;Tendinopathy;Adductor magnus tendon injury;Lesión del tendón del aductor mayor
GTST;Injury;Hip/groin;Muscle/tendon;Tendinopathy;Sartorius tendinopathy;Tendinopatía del sartorio, proximal
GTHI;Injury;Hip/groin;Muscle/tendon;Tendinopathy;Indirect inguinal hernia;Hernia inguinal indirecta
GTR;Injury;Hip/groin;Muscle/tendon;Tendinopathy;Rectus femoris tendon injury;Lesión del tendón del recto femoral proximal
GTH;Injury;Hip/groin;Muscle/tendon;Tendinopathy;Sports hernia;Hernia del deportista
GTFT;Injury;Hip/groin;Muscle/tendon;Tendinopathy;Iliopsoas tendinopathy;Tendinopatía del iliopsoas
GTMT;Injury;Hip/groin;Muscle/tendon;Tendinopathy;Adductor magnus tendinopathy;Tendinopatía de los grandes aductores
GTFS;Injury;Hip/groin;Muscle/tendon;Tendinopathy;Iliopsoas tendon strain;Lesión del tendón iliopsoas
GTFR;Injury;Hip/groin;Muscle/tendon;Tendinopathy;Iliopsoas tendon rupture;Rotura del tendón del iliopsoas
GTF;Injury;Hip/groin;Muscle/tendon;Tendinopathy;Iliopsoas tendon injury;Lesión del tendón iliopsoas
GTD;Injury;Hip/groin;Muscle/tendon;Tendinopathy;Unspecified or multiple adductor tendon injury;Lesión múltiple o no especificada del tendón aductor
GT3;Injury;Hip/groin;Muscle/tendon;Tendinopathy;Iliopsoas tendinopathy/bursitis;Bursitis/tendinopatía del iliopsoas
GT1;Injury;Hip/groin;Muscle/tendon;Tendinopathy;Adductor origin tendinopathy;Tendinopatía del aductor proximal
GTHF;Injury;Hip/groin;Muscle/tendon;Tendinopathy;Femoral hernia;Hernia femoral
GRM;Injury;Hip/groin;Muscle/tendon;Tendon rupture;Adductor magnus tendon rupture;Rotura del tendón del aductor mayor.
GRR;Injury;Hip/groin;Muscle/tendon;Tendon rupture;Rectus femoris origin tendon rupture;Rotura del tendón del recto femoral, proximal
GRS;Injury;Hip/groin;Muscle/tendon;Tendon rupture;Sartorius tendon rupture;Rotura del tendón del musculo sartorio, proximal
GRA;Injury;Hip/groin;Muscle/tendon;Tendon rupture;Adductor longus tendon rupture;Rotura del tendón del aductor largo
GK1;Injury;Hip/groin;Muscle/tendon;Laceration;Complication of laceration including infection;Complicación de laceración de cadera/ingle, incluida infección
GKX;Injury;Hip/groin;Muscle/tendon;Laceration;Hip and groin laceration;Laceración de cadera/ingle
GN1;Injury;Hip/groin;Nervous;Peripheral nerve injury;Genitofemoral nerve entrapment;Atrapamiento del nervio genitofemoral
GNE;Injury;Hip/groin;Nervous;Peripheral nerve injury;Nerve entrapment groin;Atrapamiento de nervios en la ingle.
GNI;Injury;Hip/groin;Nervous;Peripheral nerve injury;Ilioinguinal nerve entrapment;Atrapamiento del nervio ilioinguinal
GNM;Injury;Hip/groin;Nervous;Peripheral nerve injury;Thigh neurological injury;Lesion neurolgica del muslo
GNO;Injury;Hip/groin;Nervous;Peripheral nerve injury;Obturator nerve entrapment;Atrapamiento del nervio obturador
GNX;Injury;Hip/groin;Nervous;Peripheral nerve injury;Groin neurovascular injuries;Lesión neurovascular en la ingle.
GFPI;Injury;Hip/groin;Bone;Fracture;Fracture inferior pubic ramus;Fractura de la rama púbica inferior
GF2;Injury;Hip/groin;Bone;Fracture;Fractured coccyx;Fractura de cóccix
GFPS;Injury;Hip/groin;Bone;Fracture;Fracture superior pubic ramus;Fractura de la rama púbica superior
GFX;Injury;Hip/groin;Bone;Fracture;Hip/groin fractures;Fractura de cadera/ingle
GFP;Injury;Hip/groin;Bone;Fracture;Fracture pubic ramus;Fractura de la rama púbica
GFN;Injury;Hip/groin;Bone;Fracture;Fractured neck of femur;Fractura del cuello femoral
GF3;Injury;Hip/groin;Bone;Fracture;Fractured ilium;Fractura del ilion
GF1;Injury;Hip/groin;Bone;Fracture;Acetabular fracture;Fractura del acetábulo
GFF;Injury;Hip/groin;Bone;Fracture;Femoral fracture;Fractura del fémur
GSN;Injury;Hip/groin;Bone;Bone stress injury;Femoral neck stress fracture;Fractura por estrés del cuello femoral.
GS3;Injury;Hip/groin;Bone;Bone stress injury;Stress fracture pelvic bone;Fractura por estrés del hueso pélvico.
GSP;Injury;Hip/groin;Bone;Bone stress injury;Pelvic stress fracture;Fractura por estrés de la pelvis.
GSPI;Injury;Hip/groin;Bone;Bone stress injury;Stress fracture inferior pubic ramus;Fractura por estrés de la rama púbica inferior
GSM;Injury;Hip/groin;Bone;Bone stress injury;Multiple stress fractures pelvis;Fractura múltiple por estrés de la pelvis
GSX;Injury;Hip/groin;Bone;Bone stress injury;Hip/groin stress fracture;Fractura por estrés de cadera/ingle
GS2;Injury;Hip/groin;Bone;Bone stress injury;Stress fracture through femoral neck (both cortices);Fractura por estrés a través del cuello femoral (ambas cortezas)
GS1;Injury;Hip/groin;Bone;Bone stress injury;Osteitis pubis;Osteítis del pubis
GSFI;Injury;Hip/groin;Bone;Bone stress injury;Stress fracture inferior cortex femoral neck;Fractura por estrés de la corteza inferior del cuello femoral.
GSFS;Injury;Hip/groin;Bone;Bone stress injury;Stress fracture superior cortex femoral neck;Fractura por estrés de la corteza superior del cuello femoral.
GJX;Injury;Hip/groin;Bone;Bone contusion;Groin/hip bone contusion;Hematoma óseo en cadera/ingle
GEA;Injury;Hip/groin;Bone;Avascular necrosis;Hip avascular necrosis;Necrosis avascular de la cadera.
GEP;Injury;Hip/groin;Bone;Avascular necrosis;Perthes disease;Enfermedad de perthes 
GEVA;Injury;Hip/groin;Bone;Avascular necrosis;Avascular necrosis femoral head;Necrosis avascular de la cabeza femoral.
GGT;Injury;Hip/groin;Bone;Physis injury;Traction injury to apophysis at groin/hip joint;Lesión por tracción de apófisis en cadera/ingle
GG1;Injury;Hip/groin;Bone;Physis injury;Traction injury to apophysis at buttock and pelvis;Lesión por tracción de la apófisis de la nalga/pelvis
GG2;Injury;Hip/groin;Bone;Physis injury;Slipped capital femoral epiphysis;Deslizamiento de la epífisis femoral proximal.
GGA;Injury;Hip/groin;Bone;Physis injury;Other apophysitis/avulsion fracture groin/hip;Otra apofisitis/fractura por avulsión de cadera/ingle
GGF;Injury;Hip/groin;Bone;Physis injury;Osteochondroses of hip joint;Osteocondrosis de la cadera
GGH;Injury;Hip/groin;Bone;Physis injury;Apophysitis/avulsion fracture ischial tuberosity;Apofisitis/fractura por avulsión de la tuberosidad isquiática
GGO;Injury;Hip/groin;Bone;Physis injury;Apophysitis/avulsion fracture iliac crest;Apofisitis/fractura por avulsión de la cresta ilíaca
GGR;Injury;Hip/groin;Bone;Physis injury;Apophysitis/avulsion fracture anterior inferior iliac spine (aiis);Apofisitis/fractura por avulsión de la espina ilíaca anteroinferior (EIAI)
GGS;Injury;Hip/groin;Bone;Physis injury;Apophysitis/avulsion fracture anterior superior iliac spine (asis);Apofisitis/fractura por avulsión de la columna ilíaca anterosuperior (EIAS)
GC1;Injury;Hip/groin;Cartilage/synovium/bursa;Cartilage injury;Hip joint chondral/osteochondral injury;Lesión condral/osteocondral de la articulación de la cadera
GCC;Injury;Hip/groin;Cartilage/synovium/bursa;Cartilage injury;Hip joint chondral lesion;Lesión condral de la articulación de la cadera.
GCL;Injury;Hip/groin;Cartilage/synovium/bursa;Cartilage injury;Labral tear, hip joint;Lesión del labrum acetabular
GA1;Injury;Hip/groin;Cartilage/synovium/bursa;Arthritis;Hip joint osteoarthritis;Osteoartritis de la articulación de la cadera
GAX;Injury;Hip/groin;Cartilage/synovium/bursa;Arthritis;Hip/groin arthritis;Artritis de cadera/ingle
GQH;Injury;Hip/groin;Cartilage/synovium/bursa;Synovitis/capsulitis;Synovitis of hip joint;Sinovitis de la articulación de la cadera.
GQX;Injury;Hip/groin;Cartilage/synovium/bursa;Synovitis/capsulitis;Hip joint inflammation/synovitis/other biomechanical lesion;Inflamación/Sinovitis/Otras lesiones biomecánicas de la articulación de la cadera
GBT;Injury;Hip/groin;Cartilage/synovium/bursa;Bursitis;Trochanteric bursitis;bursitis trocantérea
GLH;Injury;Hip/groin;Ligament/joint capsule;Joint sprain;Hip joint sprain/jar;Esguince de la articulación de la cadera
GD1;Injury;Hip/groin;Ligament/joint capsule;Joint sprain;Hip joint dislocation;Luxación de la articulación de la cadera.
GUP;Injury;Hip/groin;Ligament/joint capsule;Chronic instability;Pubic symphysis instability;Inestabilidad de la sínfisis púbica.
GUH;Injury;Hip/groin;Ligament/joint capsule;Chronic instability;Instability of hip joint;Inestabilidad de la articulación de la cadera.
GHZ;Injury;Hip/groin;Superficial tissues/skin;Contusion (superficial);Other hip/groin bruising/haematoma;Otros equimosis/hematomas en la cadera/ingle
GHL;Injury;Hip/groin;Superficial tissues/skin;Contusion (superficial);Labial bruising/haematoma;Equimosis/hematoma labial
GH1;Injury;Hip/groin;Superficial tissues/skin;Contusion (superficial);Contusion/haematoma, hip region;Contusión/Hematoma en la región de la cadera
GIX;Injury;Hip/groin;Superficial tissues/skin;Abrasion;Groin/hip abrasion;Abrasión en la cadera/ingle
GVH;Injury;Hip/groin;Vessels;Vascular trauma;Vascular injury hip region;Lesión vascular en la región de la cadera.
GVI;Injury;Hip/groin;Vessels;Vascular trauma;Exercise-related iliac artery flow limitation;Limitación del flujo de la arteria ilíaca relacionada con el ejercicio
GOT;Injury;Hip/groin;Internal organs;Organ trauma;Groin organ damage;Daño a órganos en la ingle.
GOP;Injury;Hip/groin;Internal organs;Organ trauma;Pelvic organ injury;Lesión de órganos pélvicos
GOR;Injury;Hip/groin;Internal organs;Organ trauma;Testicular rupture;Rotura testicular
GOU;Injury;Hip/groin;Internal organs;Organ trauma;Penile injury;Lesión al pene
GO1;Injury;Hip/groin;Internal organs;Organ trauma;Ruptured penis/urethra;Rotura de pene/uretra
GO2;Injury;Hip/groin;Internal organs;Organ trauma;Testicular/scrotal contusion/haematoma;Contusión/Hematoma del testículo/escroto
GP1;Injury;Hip/groin;Non-specific;Injury without tissue type specified;Chronic non specific /functional groin pain;Dolor inguinal crónico funcional/inespecífico
GPY;Injury;Hip/groin;Non-specific;Injury without tissue type specified;Other stress/overuse injury hip and groin;Otras lesiones por estrés/sobrecarga de cadera/ingle
GZS;Injury;Hip/groin;Non-specific;Unknown;Post hip/groin surgery;Cirugía posterior a la cadera/ingle
GZX;Injury;Hip/groin;Non-specific;Unknown;Hip/groin pain not otherwise specified;Dolor de cadera/ingle no especificado de otra manera
GZN;Injury;Hip/groin;Non-specific;Unknown;Pelvic/buttock pain not otherwise specified;Dolor pélvico/nalgas no especificado de otra manera
GZH;Injury;Hip/groin;Non-specific;Unknown;Clicking hip;Chasquido de cadera
GZ1;Injury;Hip/groin;Non-specific;Unknown;Groin pain undiagnosed;Dolor en la ingle no diagnosticado
TMV;Injury;Thigh;Muscle/tendon;Muscle injury;Other quadricep strain;Otra distensión del cuádriceps
TMH;Injury;Thigh;Muscle/tendon;Muscle injury;Hamstring cramping during exercise;Calambres musculares en los isquiotibiales durante el ejercicio.
TM1;Injury;Thigh;Muscle/tendon;Muscle injury;Hamstring strain/tear;Distensión/desgarro de los isquiotibiales
TM2;Injury;Thigh;Muscle/tendon;Muscle injury;Quadriceps strain/tear;Lesión muscular del cuádriceps.
TMA;Injury;Thigh;Muscle/tendon;Muscle injury;Distal adductor strain;Distensión del aductor distal
TMAL;Injury;Thigh;Muscle/tendon;Muscle injury;Adductor longus strain;Distensión del aductor largo
TMAR;Injury;Thigh;Muscle/tendon;Muscle injury;Adductor muscle rupture/grade 3 strain;Lesión del músculo aductor (grado III)
TMB;Injury;Thigh;Muscle/tendon;Muscle injury;Biceps femoris strain grade 1 - 2;Distensión del músculo isquiotibial (grado I-II)
TMC;Injury;Thigh;Muscle/tendon;Muscle injury;Thigh muscle cramping during exercise;Calambres en los músculos del muslo durante el ejercicio.
TMCA;Injury;Thigh;Muscle/tendon;Muscle injury;Adductor muscle cramping during exercise;Calambres musculares en los aductores durante el ejercicio.
TMCQ;Injury;Thigh;Muscle/tendon;Muscle injury;Quadricep cramping during exercise;Calambres musculares en el cuádriceps durante el ejercicio.
TMG;Injury;Thigh;Muscle/tendon;Muscle injury;Gluteus medius/minimus strain;Distensión muscular del glúteo medio/mínimo
TMX;Injury;Thigh;Muscle/tendon;Muscle injury;Gluteus maximus strain;Distensión muscular del glúteo mayor
TMGX;Injury;Thigh;Muscle/tendon;Muscle injury;Thigh muscle wasting;Perdida de la masa múscular del muslo
TMHR;Injury;Thigh;Muscle/tendon;Muscle injury;Grade 3 hamstring strain;Lesión del músculo isquiotibial (grado III)
TML;Injury;Thigh;Muscle/tendon;Muscle injury;Back referred muscle tightness;Tensión muscular referida desde la espalda.
TMM;Injury;Thigh;Muscle/tendon;Muscle injury;Adductor magnus strain;Distensión del músculo aductor mayor
TMP;Injury;Thigh;Muscle/tendon;Muscle injury;Thigh muscle trigger points;Puntos gatillo de los músculos del muslo
TMQ;Injury;Thigh;Muscle/tendon;Muscle injury;Rectus femoris rupture;Rotura del recto femoral
TMR;Injury;Thigh;Muscle/tendon;Muscle injury;Rectus femoris strain;Distensión del recto femoral
TMS;Injury;Thigh;Muscle/tendon;Muscle injury;Semimembranosis/tendinosis strain (grade 1 - 2);Distensión/tendinosis semimembranosa (grado I-II)
TMT;Injury;Thigh;Muscle/tendon;Muscle injury;Rectus femoris trigger points;Puntos gatillo musculares en el recto femoral
TMW;Injury;Thigh;Muscle/tendon;Muscle injury;Back referred hamstring tightness;Tensión muscular en los isquiotibiales referida desde la espalda.
TMY;Injury;Thigh;Muscle/tendon;Muscle injury;Lateral hamstring trigger points;Puntos gatillo musculares en los isquiotibiales laterales.
TMZ;Injury;Thigh;Muscle/tendon;Muscle injury;Thigh muscle strain/spasm/trigger points;Distensión/espasmo/puntos gatillo de los músculos del muslo
TMGQ;Injury;Thigh;Muscle/tendon;Muscle injury;Quadriceps wasting;Atrofia del músculo cuádriceps
THH;Injury;Thigh;Muscle/tendon;Muscle contusion;Hamstring muscle haematoma;Hematoma de los músculos isquiotibiales.
THV;Injury;Thigh;Muscle/tendon;Muscle contusion;Iliotibial band haematoma;Hematoma en el tracto iliotibial.
THD;Injury;Thigh;Muscle/tendon;Muscle contusion;Adductor muscle haematoma;Hematoma de los músculos aductores.
THM;Injury;Thigh;Muscle/tendon;Muscle contusion;Myositis ossificans thigh;Miositis osificante del muslo
THQ;Injury;Thigh;Muscle/tendon;Muscle contusion;Quadriceps muscle haematoma;Hematoma del músculo cuádriceps.
THT;Injury;Thigh;Muscle/tendon;Muscle contusion;Thigh muscle haematoma;Hematoma del músculo del muslo
TYC;Injury;Thigh;Muscle/tendon;Muscle compartment syndrome;Compartment syndrome of thigh;Síndrome compartimental del muslo
TTP;Injury;Thigh;Muscle/tendon;Tendinopathy;Tenoperiostitis of thigh;Tenoperiostitis del muslo
TTS;Injury;Thigh;Muscle/tendon;Tendinopathy;Sartorius tendon injury;Lesión del tendón sartorio
TTM;Injury;Thigh;Muscle/tendon;Tendinopathy;Gluteus med/min tendinopathy;Tendinopatía del glúteo medio/mínimo
TTH;Injury;Thigh;Muscle/tendon;Tendinopathy;Hamstring tendinopathy with ischial bursitis;Tendinopatía proximal del tendón de la corva con bursitis isquiática
TTG;Injury;Thigh;Muscle/tendon;Tendinopathy;Gluteal tendinopathy/enthesopathy;Tendinopatía/entesopatía glútea
TT8;Injury;Thigh;Muscle/tendon;Tendinopathy;Thigh tendon injuries;Lesión del tendón del muslo
TT1;Injury;Thigh;Muscle/tendon;Tendinopathy;Hamstring origin tendinopathy;Tendinopatía proximal del tendón de la corva
TTR;Injury;Thigh;Muscle/tendon;Tendinopathy;Rectus femoris origin tendinopathy;Tendinopatía del recto femoral, proximal
TRM;Injury;Thigh;Muscle/tendon;Tendon rupture;Gluteus med/min tendon rupture;Rotura del tendón del glúteo medio/mínimo
TR1;Injury;Thigh;Muscle/tendon;Tendon rupture;Hamstring tendon injury;Lesión del tendón de los isquiotibiales
TRH;Injury;Thigh;Muscle/tendon;Tendon rupture;Hamstring origin tendon rupture;Rotura del tendón proximal del tendón de la corva
TKX;Injury;Thigh;Muscle/tendon;Laceration;Thigh laceration/abrasion;Laceración/Abrasión en el muslo
TK1;Injury;Thigh;Muscle/tendon;Laceration;Complication of laceration incl. infection;Complicación de la laceración del muslo, incluida infección
TNEL;Injury;Thigh;Nervous;Peripheral nerve injury;Lateral cutaneous nerve of thigh entrapment;Atrapamiento del nervio cutáneo lateral del muslo
TN1;Injury;Thigh;Nervous;Peripheral nerve injury;Nerve entrapment in thigh;Atrapamiento de nervios en el muslo.
TF1;Injury;Thigh;Bone;Fracture;Fractured femoral shaft;Fractura de la diáfisis femoral
TFX;Injury;Thigh;Bone;Fracture;Thigh fractures;Fractura del muslo
TS1;Injury;Thigh;Bone;Bone stress injury;Femoral bone stress lesion;Fractura por estrés del muslo
TSF;Injury;Thigh;Bone;Bone stress injury;Femoral shaft stress fracture;Fractura por estrés de la diáfisis femoral.
TJF;Injury;Thigh;Bone;Bone contusion;Femur bone contusion;Contusión ósea del fémur.
TGX;Injury;Thigh;Bone;Physis injury;Thigh region physis injury;Lesión de la placa de crecimiento en el muslo.
THI;Injury;Thigh;Superficial tissues/skin;Contusion (superficial);Bruising/haematoma iliac crest/gluteus medius;Equimosis/Hematoma en cresta ilíaca/glúteo medio
THZ;Injury;Thigh;Superficial tissues/skin;Contusion (superficial);Other thigh soft tissue bruising/haematoma not otherwise specified;Otras equimosis/hematomas de tejidos blandos del muslo no especificados de otra manera
TH1;Injury;Thigh;Superficial tissues/skin;Contusion (superficial);Contusion/haematoma of thigh;Contusión/Hematoma en el muslo
TVML;Injury;Thigh;Superficial tissues/skin;Contusion (superficial);Morel-Lavallée lesion, hip/thigh;Lesión de Morel-Lavallée de la cadera/muslo
TIX;Injury;Thigh;Superficial tissues/skin;Abrasion;Thigh abrasion;Abrasión en el muslo
TISP;Injury;Thigh;Superficial tissues/skin;Abrasion;Upper leg skin pressure injury;Upper leg skin pressure injury
THA;Injury;Thigh;Vessels;Vascular trauma;Acute arterial bleed thigh;Sangrado arterial agudo en el muslo.
TWS;Injury;Thigh;Stump;Stump injury;Stump pressure injury thigh;Traumatismo del muñón del muslo
TWI;Injury;Thigh;Stump;Stump injury;Infection of stump thigh;Infección del muñón del muslo
TPZ;Injury;Thigh;Non-specific;Injury without tissue type specified;Thigh pain without tissue type specified;Dolor en el muslo sin especificación de tipo de tejido.
TZS;Injury;Thigh;Non-specific;Unknown;Other stress/overuse injuries to thigh;Otra lesión por estrés/sobrecarga en el muslo
TZX;Injury;Thigh;Non-specific;Unknown;Thigh pain not otherwise specified;Dolor en el muslo no especificado de otra manera
TZ1;Injury;Thigh;Non-specific;Unknown;Thigh pain/injury not otherwise specified;Dolor/lesión en el muslo no especificada de otra manera
TZZ;Injury;Thigh;Non-specific;Unknown;Thigh pain undiagnosed;Dolor en el muslo no diagnosticado
KMP;Injury;Knee;Muscle/tendon;Muscle injury;Popliteus muscle strain;Distensión del músculo poplíteo
KMX;Injury;Knee;Muscle/tendon;Muscle injury;Knee muscle strain/spasm/trigger points;Distensión muscular/espasmo/puntos gatillo en la rodilla
KHQ;Injury;Knee;Muscle/tendon;Muscle contusion;Distal quadricep haematoma;Hematoma del cuádriceps (distal)
KT9;Injury;Knee;Muscle/tendon;Tendinopathy;Lateral hamstring tendon strain at knee;Distensión del tendón de los isquiotibiales laterales a la rodilla
KTPI;Injury;Knee;Muscle/tendon;Tendinopathy;Insertional patellar tendon pathology, incl intratendon ossicle;Tendinopatía de inserción del tendón rotuliano, incluido el osículo intratendinoso
KTQ;Injury;Knee;Muscle/tendon;Tendinopathy;Quadriceps tendon injury;Lesión del tendón del cuádriceps
KTP;Injury;Knee;Muscle/tendon;Tendinopathy;Patellar tendon injury;Lesión del tendón rotuliano
KTM;Injury;Knee;Muscle/tendon;Tendinopathy;Gastrocnemius tendon injury;Lesión del tendón gastrocnemio
KTL;Injury;Knee;Muscle/tendon;Tendinopathy;Lateral gastroc tendinopathy knee;Tendinopatía del gemelo lateral de la rodilla
KTH;Injury;Knee;Muscle/tendon;Tendinopathy;Medial hamstring tendon strain at knee;Distensión del tendón isquiotibial medial de la rodilla
KTS;Injury;Knee;Muscle/tendon;Tendinopathy;Medial hamstring insertion tendonitis/pes anserinus bursitis;Tendinopatía distal medial de los isquiotibiales/bursitis estomacal
KT7;Injury;Knee;Muscle/tendon;Tendinopathy;Quadriceps tendinopathy +/- suprapatellar bursitis;Tendinopatía del cuádriceps +/- bursitis suprapatelar
KT5;Injury;Knee;Muscle/tendon;Tendinopathy;Popliteus tendinopathy/strain;Distensión/tendinopatía poplítea
KT3;Injury;Knee;Muscle/tendon;Tendinopathy;Knee tendon injury;Lesión del tendón de la rodilla
KT2;Injury;Knee;Muscle/tendon;Tendinopathy;Patellar tendinopathy;Tendinopatia patelar
KT1;Injury;Knee;Muscle/tendon;Tendinopathy;Iliotibial band syndrome;Síndrome de la banda iliotibial
KTG;Injury;Knee;Muscle/tendon;Tendinopathy;Medial gastroc tendinopathy knee;Tendinopatía del gemelo medial de la rodilla
KTB;Injury;Knee;Muscle/tendon;Tendinopathy;Lateral hamstring insertion tendonitis;Tendinopatía distal de los isquiotibiales laterales.
KRL;Injury;Knee;Muscle/tendon;Tendon rupture;Lateral hamstring tendon rupture at knee;Rotura del tendón de los isquiotibiales laterales de la rodilla.
KRQ;Injury;Knee;Muscle/tendon;Tendon rupture;Quadriceps tendon rupture;Rotura del tendón del cuádriceps.
KRH;Injury;Knee;Muscle/tendon;Tendon rupture;Hamstring tendon rupture;Rotura del tendón de isquiotibiales
KR2;Injury;Knee;Muscle/tendon;Tendon rupture;Medial hamstring tendon rupture;Rotura del tendón de los isquiotibiales medial
KR1;Injury;Knee;Muscle/tendon;Tendon rupture;Patellar tendon rupture;Rotura del tendón rotuliano
KK1;Injury;Knee;Muscle/tendon;Laceration;Lacerated knee;Laceración de rodilla
KKD;Injury;Knee;Muscle/tendon;Laceration;Deep knee laceration - intraarticular;Laceración profunda de la rodilla- intraarticular
KKS;Injury;Knee;Muscle/tendon;Laceration;Superficial knee laceration/abrasion;Laceración/abrasión superficial en la rodilla
KF1;Injury;Knee;Bone;Fracture;Patella fracture;Fractura de rótula
KF2;Injury;Knee;Bone;Fracture;Intraarticular femoral fracture;Fractura intraarticular del fémur.
KFF;Injury;Knee;Bone;Fracture;Distal femoral fracture;Fractura de fémur distal 
KFI;Injury;Knee;Bone;Fracture;Intraarticular tibial fracture;Fractura intraarticular de la tibia.
KFT;Injury;Knee;Bone;Fracture;Proximal tibial fracture;Fractura de tibia proximal
KFX;Injury;Knee;Bone;Fracture;Knee fractures;Fractura de rodilla
KSP;Injury;Knee;Bone;Bone stress injury;Patellar stress fracture;Fractura por estrés de rótula
KSX;Injury;Knee;Bone;Bone stress injury;Knee stress fracture;Fractura por estrés de rodilla
KS1;Injury;Knee;Bone;Bone stress injury;Distal femoral stress fracture;Fractura por estrés del fémur distal
KJX;Injury;Knee;Bone;Bone contusion;Knee bone contusion;Contusión ósea en la rodilla.
KGO;Injury;Knee;Bone;Physis injury;Osgood-Schlatter syndrome;Síndrome de Osgood-Schlatter
KGS;Injury;Knee;Bone;Physis injury;Apophysitis/avulsion fracture distal pole patella/Sinding-Larsen-Johansson syndrome;Apofisitis/fractura por avulsión en el polo distal de la rótula
KGPB;Injury;Knee;Bone;Physis injury;Patella symptoms related to bipartite patella;Síndrome femororrotuliano relacionado con rótula bipartita
KGT;Injury;Knee;Bone;Physis injury;Traction injury to apophysis at knee;Lesión por tracción de la apófisis de la rodilla.
KGB;Injury;Knee;Bone;Physis injury;Epiphysitis of medial tibial plateau (Blount's disease);Epifisitis de la meseta tibial medial (enfermedad de Blount)
KC5;Injury;Knee;Cartilage/synovium/bursa;Cartilage injury;Medial and lateral meniscal tears;Lesión de los meniscos medial y lateral.
KCO;Injury;Knee;Cartilage/synovium/bursa;Cartilage injury;Osteochondritis dissecans medial or lateral femoral condyle;Osteocondrosis del cóndilo femoral medial o lateral.
KCP;Injury;Knee;Cartilage/synovium/bursa;Cartilage injury;Patellofemoral joint chondral pain;Dolor condral en la articulación femororrotuliana.
KCT;Injury;Knee;Cartilage/synovium/bursa;Cartilage injury;Tibial osteochondral injury;Lesión osteocondral tibial
KCM;Injury;Knee;Cartilage/synovium/bursa;Cartilage injury;Medial femoral condyle osteochondral injury;Lesión osteocondral del cóndilo femoral medial
KCL;Injury;Knee;Cartilage/synovium/bursa;Cartilage injury;Knee cartilage injury with loose bodies;Lesión del cartílago de la rodilla con cuerpos libres
KCK;Injury;Knee;Cartilage/synovium/bursa;Cartilage injury;Lateral femoral condyle osteochondral injury;Lesión osteocondral del cóndilo femoral lateral
KCD;Injury;Knee;Cartilage/synovium/bursa;Cartilage injury;Degenerative meniscal tear;Degeneración meniscal
KCU;Injury;Knee;Cartilage/synovium/bursa;Cartilage injury;Patellofemoral osteochondral injury;Lesión osteocondral patelofemoral
KCC;Injury;Knee;Cartilage/synovium/bursa;Cartilage injury;Lateral meniscal cyst;Quiste del menisco lateral
KC7;Injury;Knee;Cartilage/synovium/bursa;Cartilage injury;Osteochondritis dissecans patella;Osteocondrosis de la rótula
KC4;Injury;Knee;Cartilage/synovium/bursa;Cartilage injury;Osteochondrosis of knee;Osteocondrosis de rodilla
KC3;Injury;Knee;Cartilage/synovium/bursa;Cartilage injury;Lateral meniscal tear;Lesión del menisco lateral
KC2;Injury;Knee;Cartilage/synovium/bursa;Cartilage injury;Medial meniscal tear;Lesión del menisco medial
KC1;Injury;Knee;Cartilage/synovium/bursa;Cartilage injury;Knee articular cartilage damage;Daño del cartílago de la articulación de la rodilla.
KC8;Injury;Knee;Cartilage/synovium/bursa;Cartilage injury;Knee joint cartilage injury (unspecified);Lesión del cartílago de la rodilla (sin especificar)
KCB;Injury;Knee;Cartilage/synovium/bursa;Cartilage injury;Mixed osteochondral and meniscal injury;Lesión meniscal y osteocondral.
KAG;Injury;Knee;Cartilage/synovium/bursa;Arthritis;Bi- or tri-compartmental osteoarthritis;Osteoarthritis bicompartimental o tricompartimental de la rodilla
KAP;Injury;Knee;Cartilage/synovium/bursa;Arthritis;Patellofemoral osteoarthritis;Osteoartritis femororrotuliana
KAM;Injury;Knee;Cartilage/synovium/bursa;Arthritis;Medial compartment osteoarthritis knee;Osteoartritis del compartimento medial de la rodilla.
KAH;Injury;Knee;Cartilage/synovium/bursa;Arthritis;Post arthroplasty knee;Artroplastia posrodilla
KA1;Injury;Knee;Cartilage/synovium/bursa;Arthritis;Knee osteoarthritis;Artrosis de rodilla
KAL;Injury;Knee;Cartilage/synovium/bursa;Arthritis;Lateral compartment osteoarthritis knee;Osteoartritis del compartimento lateral de la rodilla
KQB;Injury;Knee;Cartilage/synovium/bursa;Synovitis/capsulitis;Baker's cyst;Quiste de Baker
KQH;Injury;Knee;Cartilage/synovium/bursa;Synovitis/capsulitis;Hoffa's fat pad impingement;Pinzamiento de grasa de Hoffa
KQS;Injury;Knee;Cartilage/synovium/bursa;Synovitis/capsulitis;Knee joint synovitis;Sinovitis de la articulación de la rodilla.
KBI;Injury;Knee;Cartilage/synovium/bursa;Bursitis;Infrapatella fat pad contusion/haematoma +/- bursitis;Contusión/Hematoma +/- bursitis de la bolsa de grasa infrapatelar
KBP;Injury;Knee;Cartilage/synovium/bursa;Bursitis;Prepatellar bursitis;Bursitis prepatelar
KBPT;Injury;Knee;Cartilage/synovium/bursa;Bursitis;Traumatic knee bursitis;Bursitis traumática de rodilla
KLX;Injury;Knee;Ligament/joint capsule;Joint sprain;Combined ligament injuries;Lesión combinada de los ligamentos de la rodilla.
KLT;Injury;Knee;Ligament/joint capsule;Joint sprain;PLC injury with chondral /meniscal injury;Lesión del complejo posterolateral con lesión condral/meniscal
KLY;Injury;Knee;Ligament/joint capsule;Joint sprain;MCL strain/rupture with chondral/meniscal damage;Distensión/rotura del ligamento colateral medial con lesión condral/meniscal
KLK;Injury;Knee;Ligament/joint capsule;Joint sprain;Combined ligament injury with chondral/meniscal injury;Lesión combinada de los ligamentos de la rodilla con lesión condral/meniscal
KLZ;Injury;Knee;Ligament/joint capsule;Joint sprain;Knee sprains/ligament injuries;Esguince de rodilla/lesión de ligamentos
KLV;Injury;Knee;Ligament/joint capsule;Joint sprain;Grade 1 MCL tear knee;Lesión grado I del ligamento colateral medial de la rodilla
KLS;Injury;Knee;Ligament/joint capsule;Joint sprain;Complication post MCL strain/rupture incl Pellegrini Stieda lesion;Complicación de lesión/rotura del ligamento colateral medial, incluida la lesión de Pellegrini-Stieda
KLQ;Injury;Knee;Ligament/joint capsule;Joint sprain;Partial PCL tear;Lesión parcial del ligamento cruzado posterior de la rodilla
KLP;Injury;Knee;Ligament/joint capsule;Joint sprain;PCL rupture;Rotura del ligamento cruzado posterior de la rodilla.
KLM;Injury;Knee;Ligament/joint capsule;Joint sprain;MCL rupture knee;Rotura del ligamento colateral medial de la rodilla
KLL;Injury;Knee;Ligament/joint capsule;Joint sprain;Posterolateral corner and LCL ligament injuries knee;Lesión del ligamento colateral lateral y de la esquina posterolateral de la rodilla.
KLW;Injury;Knee;Ligament/joint capsule;Joint sprain;Grade 2 MCL tear knee;Lesión de grado II del ligamento colateral medial de la rodilla
KLI;Injury;Knee;Ligament/joint capsule;Joint sprain;Partial ACL tear;Lesión parcial del ligamento cruzado anterior de la rodilla.
KL6;Injury;Knee;Ligament/joint capsule;Joint sprain;Knee medial patellofemoral ligament injury;Lesión del ligamento patelofemoral medial de la rodilla
KL2;Injury;Knee;Ligament/joint capsule;Joint sprain;PCL injury;Lesión del ligamento cruzado posterior de la rodilla.
KL3;Injury;Knee;Ligament/joint capsule;Joint sprain;MCL injury;Desgarro del ligamento colateral medial de la rodilla.
KL4;Injury;Knee;Ligament/joint capsule;Joint sprain;LCL strain/rupture;Rotura/lesión del ligamento colateral lateral de la rodilla
KL5;Injury;Knee;Ligament/joint capsule;Joint sprain;Posterolateral complex strain/tear;Lesión del complejo posterolateral de la rodilla.
KLA;Injury;Knee;Ligament/joint capsule;Joint sprain;ACL rupture;Rotura del ligamento cruzado anterior de la rodilla.
KLC;Injury;Knee;Ligament/joint capsule;Joint sprain;ACL strain/rupture with chondral/meniscal injury;Estiramiento/rotura del ligamento cruzado anterior con lesión condral/meniscal
KLG;Injury;Knee;Ligament/joint capsule;Joint sprain;ACL graft rupture;Rotura del injerto de ligamento cruzado anterior de la rodilla
KL1;Injury;Knee;Ligament/joint capsule;Joint sprain;ACL injury;Lesión del ligamento cruzado anterior de la rodilla.
KD1;Injury;Knee;Ligament/joint capsule;Joint sprain;Dislocated patella;Luxación de rótula
KDT;Injury;Knee;Ligament/joint capsule;Joint sprain;Superior tibiofibular joint dislocation;Luxación de la articulación tibioperonea proximal.
KDS;Injury;Knee;Ligament/joint capsule;Joint sprain;Patellar subluxation;Subluxación de la rótula
KDP;Injury;Knee;Ligament/joint capsule;Joint sprain;Patellar dislocation with avulsion fracture patella;Luxación de rótula con fractura por avulsión rotuliana
KD2;Injury;Knee;Ligament/joint capsule;Joint sprain;Knee dislocation with neural or vascular complication;Luxación de rodilla con complicación neurológica o vascular.
KDK;Injury;Knee;Ligament/joint capsule;Joint sprain;Tibiofemoral joint dislocation;Luxación de rodilla
KUM;Injury;Knee;Ligament/joint capsule;Chronic instability;Chronic MCL insufficiency;Insuficiencia crónica del ligamento colateral medial de la rodilla.
KUZ;Injury;Knee;Ligament/joint capsule;Chronic instability;Other instability;Otra inestabilidad de rodilla
KUP;Injury;Knee;Ligament/joint capsule;Chronic instability;Chronic PCL insufficiency;Insuficiencia crónica del ligamento cruzado posterior de la rodilla
KU2;Injury;Knee;Ligament/joint capsule;Chronic instability;Patellar instability;inestabilidad de rótula
KU1;Injury;Knee;Ligament/joint capsule;Chronic instability;Chronic ACL insufficiency;Insuficiencia crónica del ligamento cruzado anterior de la rodilla.
KUX;Injury;Knee;Ligament/joint capsule;Chronic instability;Knee instability (chronic or recurrent subluxations);Inestabilidad de rodilla (subluxación crónica o recurrente)
KH1;Injury;Knee;Superficial tissues/skin;Contusion (superficial);Other soft tissue bruising/haematoma knee;Otros equimosis/hematomas en los tejidos blandos de la rodilla
KV1;Injury;Knee;Superficial tissues/skin;Contusion (superficial);Knee contusion/haematoma (extraarticular);Contusión/hematoma de rodilla (extraarticular)
KVM;Injury;Knee;Superficial tissues/skin;Contusion (superficial);Knee MCL contusion;Contusión del ligamento colateral medial de la rodilla.
KIX;Injury;Knee;Superficial tissues/skin;Abrasion;Knee abrasion;Abrasión de rodilla
KWI;Injury;Knee;Stump;Stump injury;Infection of stump knee;Infección del muñón de la rodilla
KWS;Injury;Knee;Stump;Stump injury;Stump pressure injury knee;Traumatismo del muñón de la rodilla
KPR;Injury;Knee;Non-specific;Injury without tissue type specified;PCL strain/rupture with associated chondral/meniscal injury;Rotura/lesión del ligamento cruzado posterior con lesión condral/meniscal
KPA;Injury;Knee;Non-specific;Injury without tissue type specified;Patellofemoral pain with patellar tendinopathy;Dolor patelofemoral con tendinopatía rotuliana
KQ3;Injury;Knee;Non-specific;Injury without tissue type specified;Synovial plica of knee;Pliegue sinovial en la rodilla
KP4;Injury;Knee;Non-specific;Injury without tissue type specified;Knee impingement/synovitis/biomechanical lesion not associated with other conditions;Pinzamiento/Sinovitis/Lesión biomecánica de rodilla no asociada con otras afecciones
KZ1;Injury;Knee;Non-specific;Unknown;Knee pain/injury not otherwise specified;Dolor/lesión de rodilla no especificada de otra manera
KZ2;Injury;Knee;Non-specific;Unknown;Knee haemarthrosis cause undiagnosed;Hemartrosis de rodilla por causa no diagnosticada
KZA;Injury;Knee;Non-specific;Unknown;Post knee reconstruction;Post- cirugia de reconstruccion de rodilla
KZS;Injury;Knee;Non-specific;Unknown;Post knee surgery;Post-cirugia de rodilla
KZZ;Injury;Knee;Non-specific;Unknown;Knee pain undiagnosed;Dolor de rodilla no diagnosticado
QMSA;Injury;Lower leg;Muscle/tendon;Muscle injury;Soleus strain a/w accessory soleus;Lesión muscular del sóleo/sóleo accesorio
QMT;Injury;Lower leg;Muscle/tendon;Muscle injury;Calf muscle cramps/spasm;Calambres/espasmos en los músculos de la pantorrilla
QMP;Injury;Lower leg;Muscle/tendon;Muscle injury;Tibialis posterior strain;Lesión muscular del tibial posterior
QMM;Injury;Lower leg;Muscle/tendon;Muscle injury;Medial gastroc strain;Lesión muscular del gastrocnemio medial.
QMLX;Injury;Lower leg;Muscle/tendon;Muscle injury;Lateral compartment muscle injury;Lesión muscular del compartimento lateral de la pierna.
QML;Injury;Lower leg;Muscle/tendon;Muscle injury;Lateral gastroc strain;Lesión muscular del gastrocnemio lateral.
QM1;Injury;Lower leg;Muscle/tendon;Muscle injury;Gastrocnemius muscle injury/strain;Lesión/distensión muscular del gastrocnemio
QMA;Injury;Lower leg;Muscle/tendon;Muscle injury;Anterior compartment muscle injury;Lesión muscular del compartimento anterior de la pierna.
QMD;Injury;Lower leg;Muscle/tendon;Muscle injury;Delayed onset muscle soreness;DOMS en la pierna
QMX;Injury;Lower leg;Muscle/tendon;Muscle injury;Lower leg muscle injury;Lesión muscular de la pierna
QMS;Injury;Lower leg;Muscle/tendon;Muscle injury;Soleus muscle strain;Lesión del músculo sóleo
QMYP;Injury;Lower leg;Muscle/tendon;Muscle injury;Peroneal trigger points/spasm;Puntos gatillo/espasmo del músculo peroneo
QMYG;Injury;Lower leg;Muscle/tendon;Muscle injury;Gastroc muscle trigger points/spasm;Puntos gatillo/espasmo del músculo gastrocnemio
QH2;Injury;Lower leg;Muscle/tendon;Muscle contusion;Calf contusion/haematoma;Contusión/Hematoma en la pantorrilla
QHP;Injury;Lower leg;Muscle/tendon;Muscle contusion;Peroneal haematoma;Hematoma de los músculos peroneos.
QHA;Injury;Lower leg;Muscle/tendon;Muscle contusion;Tib anterior haematoma;Hematoma del tibial anterior
QHM;Injury;Lower leg;Muscle/tendon;Muscle contusion;Lower leg muscle haematoma;Hematoma del músculo de la pierna
QYA;Injury;Lower leg;Muscle/tendon;Muscle compartment syndrome;Anterior compartment syndrome;Síndrome del compartimiento anterior de la pierna
QY2;Injury;Lower leg;Muscle/tendon;Muscle compartment syndrome;Acute anterior compartment syndrome;Síndrome compartimental anterior agudo de la pierna
QYB;Injury;Lower leg;Muscle/tendon;Muscle compartment syndrome;Tenoperiostitis of lower leg;Tenoperiostitis en la pierna
QYD;Injury;Lower leg;Muscle/tendon;Muscle compartment syndrome;Deep posterior compartment syndrome;Síndrome del compartimento posterior profundo de la pierna
QYS;Injury;Lower leg;Muscle/tendon;Muscle compartment syndrome;Post compartment release surgery;Cirugía de descompresion o liberacion de compartimientos posteriores 
QYP;Injury;Lower leg;Muscle/tendon;Muscle compartment syndrome;Posterior compartment syndrome;Síndrome del compartimiento posterior de la pierna
QYM;Injury;Lower leg;Muscle/tendon;Muscle compartment syndrome;Compartment syndrome multiple sites lower leg;Síndrome multicompartimental de la pierna
QYF;Injury;Lower leg;Muscle/tendon;Muscle compartment syndrome;Other acute compartment syndrome to lower leg;Otro síndrome compartimental agudo de la pierna
QYL;Injury;Lower leg;Muscle/tendon;Muscle compartment syndrome;Lateral (peroneal) compartment syndrome;Síndrome compartimental lateral (peroneo) de la pierna
QTT;Injury;Lower leg;Muscle/tendon;Tendinopathy;Anterior shin splints;Periostitis anterior
QT1;Injury;Lower leg;Muscle/tendon;Tendinopathy;Medial tibial stress syndrome ('shin splints');Síndrome de estrés tibial medial (MTSS)  shin splints
QTA;Injury;Lower leg;Muscle/tendon;Tendinopathy;Achilles tendinopathy;Tendinopatía de Aquiles
QTPT;Injury;Lower leg;Muscle/tendon;Tendinopathy;Plantaris tendinopathy;tendinopatía del músculo plantar
QTAP;Injury;Lower leg;Muscle/tendon;Tendinopathy;Achilles paratenon injury;Lesión del paratenón de Aquiles
QTS;Injury;Lower leg;Muscle/tendon;Tendinopathy;Post achilles tendon surgery;Cirugía post-tendón de Aquiles
QTB;Injury;Lower leg;Muscle/tendon;Tendinopathy;Achilles enthesopathy with retrocalcaneal bursitis;Entesopatía aquílea con bursitis retrocalcánea
QRA;Injury;Lower leg;Muscle/tendon;Tendon rupture;Achilles tendon rupture;Rotura del tendón de Aquiles
QRI;Injury;Lower leg;Muscle/tendon;Tendon rupture;Insertional achilles tendon rupture;Rotura del tendón de Aquiles en la inserción del calcáneo.
QRM;Injury;Lower leg;Muscle/tendon;Tendon rupture;Midsubstance achilles tendon rupture;Rotura del tendón de Aquiles en el tercio medio.
QRP;Injury;Lower leg;Muscle/tendon;Tendon rupture;Plantaris tendon rupture;Rotura del tendón plantar
QKXQ;Injury;Lower leg;Muscle/tendon;Laceration;Other complication of lower leg laceration/abrasion;Otra complicación de la laceración/abrasión en la pierna
QKXI;Injury;Lower leg;Muscle/tendon;Laceration;Infection as complication of lower leg laceration/abrasion;Infección como complicación de laceración/abrasión de la pierna.
QK2;Injury;Lower leg;Muscle/tendon;Laceration;Calf laceration/abrasion;Laceración/Abrasión en la pantorrilla
QK1;Injury;Lower leg;Muscle/tendon;Laceration;Lower leg laceration;Laceración en la pierna
QN1;Injury;Lower leg;Nervous;Peripheral nerve injury;Peroneal nerve palsy (with foot drop);Parálisis del nervio peroneo (con pie caído)
QNX;Injury;Lower leg;Nervous;Peripheral nerve injury;Neurological injury of lower leg;Lesión nerviosa en la pierna.
QFO;Injury;Lower leg;Bone;Fracture;Fractured midshaft tibia;Fractura de la diáfisis de la tibia.
QFZ;Injury;Lower leg;Bone;Fracture;Compound fractured tibia +/- fibula;Fractura compuesta de tibia +/- peroné
QFX;Injury;Lower leg;Bone;Fracture;Lower leg fractures;Fractura de pierna
QFT;Injury;Lower leg;Bone;Fracture;Fractured midshaft tibia and fibula;Fractura de la diáfisis de la tibia y el peroné.
QFQ;Injury;Lower leg;Bone;Fracture;Fractured tibia +/- fibula  with other complication (e.g. compartment syndrome);Fractura de tibia +/- peroné con otras complicaciones (por ejemplo, síndrome compartimental)
QFN;Injury;Lower leg;Bone;Fracture;Fractured fibula with associated peroneal nerve injury;Fractura de la diáfisis del peroné con lesión asociada del nervio peroneo
QFM;Injury;Lower leg;Bone;Fracture;Fractured midshaft fibula;Fractura del eje del peroné
QFH;Injury;Lower leg;Bone;Fracture;Fractured proximal fibula;Fractura de peroné proximal
QFF;Injury;Lower leg;Bone;Fracture;Fractured fibula;Fractura del fémur
QF2;Injury;Lower leg;Bone;Fracture;Fractured distal shaft fibula;Fractura distal de la diafisis del perone
QF1;Injury;Lower leg;Bone;Fracture;Fractured tibia +/- fibula;Fractura de tibia +/- peroné
QFS;Injury;Lower leg;Bone;Fracture;Fractured mid-fibula with associated syndesmosis injury ankle;Fractura de la diáfisis del peroné con lesión asociada de la sindesmosis
QSA;Injury;Lower leg;Bone;Bone stress injury;Stress fracture anterior cortex tibia;Fractura por estrés de la corteza anterior de la tibia.
QSOT;Injury;Lower leg;Bone;Bone stress injury;Tibial bone oedema;Edema del hueso tibial
QSOF;Injury;Lower leg;Bone;Bone stress injury;Fibula bone oedema;Edema del peroné
QST;Injury;Lower leg;Bone;Bone stress injury;Stress fracture tibia;Fractura por estrés de la tibia
QSL;Injury;Lower leg;Bone;Bone stress injury;Stress fracture fibula involving cortex;Fractura por estrés del peroné en el tobillo.
QS2;Injury;Lower leg;Bone;Bone stress injury;Fibular bone stress lesion;Fractura por estrés del peroné
QS1;Injury;Lower leg;Bone;Bone stress injury;Tibial bone stress lesion;Fractura por estrés proximal de la tibia.
QSP;Injury;Lower leg;Bone;Bone stress injury;Stress fracture posteromedial tibia;Fractura por estrés posteromedial de la tibia
QJX;Injury;Lower leg;Bone;Bone contusion;Lower leg bone contusion;Contusión óseo en la pierna.
QZS;Injury;Lower leg;Cartilage/synovium/bursa;Arthritis;Post lower leg surgery;Cirugía post-pierna
QQ1;Injury;Lower leg;Cartilage/synovium/bursa;Synovitis/capsulitis;Ruptured baker's cyst;Rotura del quiste de Baker
QBC;Injury;Lower leg;Cartilage/synovium/bursa;Bursitis;Calcaneal bursitis (pump bump);Bursitis calcánea (protuberancia calcanea)
QBX;Injury;Lower leg;Cartilage/synovium/bursa;Bursitis;Bursitis not otherwise specified;Bursitis no especificada de otra manera
QL1;Injury;Lower leg;Ligament/joint capsule;Joint sprain;Sprained superior tibiofibular joint;Esguince de la articulación tibioperonea proximal
QHZ;Injury;Lower leg;Superficial tissues/skin;Contusion (superficial);Other shin soft tissue bruising/haematoma not otherwise specified;Otras equimosis/hematoma de tejidos blandos de la pierna no especificados de otra manera
QH1;Injury;Lower leg;Superficial tissues/skin;Contusion (superficial);Leg soft tissue bruising/haematoma;Hematomas/hematomas en los tejidos blandos de la pierna
QVT;Injury;Lower leg;Superficial tissues/skin;Contusion (superficial);Pretibial periosteal bruising/haematoma;Equimosis/hematoma perióstico pretibial
QIS;Injury;Lower leg;Superficial tissues/skin;Abrasion;Shin abrasion;Abrasión en la espinilla
QI1;Injury;Lower leg;Superficial tissues/skin;Abrasion;Lower leg soft tissue infection;Infección de tejidos blandos de la pierna.
QISP;Injury;Lower leg;Superficial tissues/skin;Abrasion;Lower leg skin pressure injury;Lower leg skin pressure injury
QV4;Injury;Lower leg;Vessels;Vascular trauma;Popliteal artery entrapment;Atrapamiento de la arteria poplítea
QVV;Injury;Lower leg;Vessels;Vascular trauma;Other vascular injury to lower leg;Otra lesión vascular en la pierna
QVX;Injury;Lower leg;Vessels;Vascular trauma;Vascular injury lower leg;Lesión vascular en la pierna.
QWS;Injury;Lower leg;Stump;Stump injury;Stump pressure injury lower limb;Traumatismo del muñón del miembro inferior.
QWI;Injury;Lower leg;Stump;Stump injury;Infection of stump lower leg;Infección del muñón de la pierna
QPY;Injury;Lower leg;Non-specific;Injury without tissue type specified;Other leg overuse injury;Otra lesión por uso excesivo en la pierna
QPS;Injury;Lower leg;Non-specific;Injury without tissue type specified;Soleus trigger points/spasm;Puntos gatillo/espasmo del músculo sóleo
QZZ;Injury;Lower leg;Non-specific;Unknown;Lower leg pain undiagnosed;Dolor en las piernas no diagnosticado
QZ1;Injury;Lower leg;Non-specific;Unknown;Other lower leg pain/injury not otherwise specified;Otro dolor/lesión en la pierna no especificado de otra manera
AT5;Injury;Ankle;Muscle/tendon;Tendinopathy;Tibialis anterior tenosynovitis;Tenosinovitis del tibial anterior
ATX;Injury;Ankle;Muscle/tendon;Tendinopathy;Ankle tendon injury;Lesión del tendón del tobillo
ATP;Injury;Ankle;Muscle/tendon;Tendinopathy;Peroneal tendon subluxation/dislocation;Subluxación/luxación del tendón peroneo
ATE;Injury;Ankle;Muscle/tendon;Tendinopathy;Extensor tendon injuries at ankle;Lesión del tendón extensor del tobillo
AT6;Injury;Ankle;Muscle/tendon;Tendinopathy;Peroneal tendinopathy;Tendinopatía peronea
AT7;Injury;Ankle;Muscle/tendon;Tendinopathy;Flexor hallucis longus tendinopathy;Tendinopatía del flexor largo del dedo gordo
ARP;Injury;Ankle;Muscle/tendon;Tendon rupture;Tibialis posterior tendon rupture;Rotura del tendón tibial posterior
ARH;Injury;Ankle;Muscle/tendon;Tendon rupture;Flexor hallucis longus rupture;Rotura del tendón del flexor largo del dedo gordo
AKD;Injury;Ankle;Muscle/tendon;Laceration;Deep (intraarticular) laceration ankle;Laceración profunda del tobillo (intraarticular)
AKS;Injury;Ankle;Muscle/tendon;Laceration;Superficial ankle laceration/abrasion;Laceración/abrasión superficial del tobillo
AKI;Injury;Ankle;Muscle/tendon;Laceration;Complication of ankle laceration incl infection;Complicación de la laceración del tobillo, incluida infección
AKX;Injury;Ankle;Muscle/tendon;Laceration;Ankle laceration;Laceración del tobillo
ANX;Injury;Ankle;Nervous;Peripheral nerve injury;Nerve injury - at ankle;Lesión nerviosa en el tobillo.
ANC;Injury;Ankle;Nervous;Peripheral nerve injury;Calcaneal nerve entrapment;Atrapamiento del nervio calcáneo
ANM;Injury;Ankle;Nervous;Peripheral nerve injury;Medial calcaneal nerve entrapment;Atrapamiento del nervio calcáneo medial
ANT;Injury;Ankle;Nervous;Peripheral nerve injury;Tarsal tunnel syndrome;Síndrome del túnel tarsiano
AFS;Injury;Ankle;Bone;Fracture;Fractured lateral process talus;Fractura del proceso lateral del astrágalo.
AFT;Injury;Ankle;Bone;Fracture;Fractured talar dome;Fractura de la cúpula del astrágalo
AFP;Injury;Ankle;Bone;Fracture;Fracture posterior malleolus;Fractura del maléolo posterior
AFO;Injury;Ankle;Bone;Fracture;Fractured os trigonum;Fractura del os trigonum
AFN;Injury;Ankle;Bone;Fracture;Fractured talar neck;Fractura del cuello del astrágalo
AFM;Injury;Ankle;Bone;Fracture;Medial malleolus fracture;Fractura del maléolo medial
AFG;Injury;Ankle;Bone;Fracture;Fractured posterior process talus;Fractura de la apófisis posterior del astrágalo.
AFX;Injury;Ankle;Bone;Fracture;Trimalleolar fracture;Fractura trimaleolar
AFD;Injury;Ankle;Bone;Fracture;Ankle fracture with diastasis of syndesmosis;Fractura de tobillo con diástasis de la sindesmosis.
AFB;Injury;Ankle;Bone;Fracture;Bimalleolar fracture;Fractura bimaleolar
AFL;Injury;Ankle;Bone;Fracture;Lateral malleolus fracture;Fractura del maléolo lateral
AF2;Injury;Ankle;Bone;Fracture;Fractured talus;Fractura del astrágalo
AF1;Injury;Ankle;Bone;Fracture;Fracture ankle;Fractura de tobillo
ASX;Injury;Ankle;Bone;Bone stress injury;Ankle stress fracture;Fractura por estrés del tobillo
ASM;Injury;Ankle;Bone;Bone stress injury;Stress fracture medial malleolus;Fractura por estrés del maléolo medial
ASL;Injury;Ankle;Bone;Bone stress injury;Stress fracture lateral malleolus;Fractura por estrés del maléolo lateral.
AS1;Injury;Ankle;Bone;Bone stress injury;Stress fracture talus;Fractura por estrés del astrágalo
ASC;Injury;Ankle;Bone;Bone stress injury;Stress injury calcaneus;Lesión por estrés del talón.
AJT;Injury;Ankle;Bone;Bone contusion;Talar dome bone bruise;Edema óseo de la cúpula del astrágalo
AJX;Injury;Ankle;Bone;Bone contusion;Ankle bone contusion;Contusión óseo en el tobillo.
AEX;Injury;Ankle;Bone;Avascular necrosis;Ankle avascular necrosis;Necrosis avascular del tobillo.
AGA;Injury;Ankle;Bone;Physis injury;Traction injury to apophysis ankle;Lesión por tracción de la apófisis del tobillo.
AGT;Injury;Ankle;Bone;Physis injury;Osteochondrosis of ankle;Osteocondrosis del tobillo
AGC;Injury;Ankle;Bone;Physis injury;Apophysitis/avulsion fracture to calcaneus (sever's disease);Apofisitis/fractura por avulsión del calcáneo (enfermedad de Sever)
AC1;Injury;Ankle;Cartilage/synovium/bursa;Cartilage injury;Ankle osteochondral injuries;Lesión osteocondral del tobillo.
AA1;Injury;Ankle;Cartilage/synovium/bursa;Arthritis;Ankle joint osteoarthritis;Artrosis de la articulación del tobillo.
AQX;Injury;Ankle;Cartilage/synovium/bursa;Synovitis/capsulitis;Ankle synovitis/impingement/bursitis;Sinovitis/pinzamiento/bursitis de tobillo
AQS;Injury;Ankle;Cartilage/synovium/bursa;Synovitis/capsulitis;Ankle joint synovitis;Sinovitis de la articulación del tobillo.
AQP;Injury;Ankle;Cartilage/synovium/bursa;Synovitis/capsulitis;Posterior impingement ankle;Pinzamiento posterior del tobillo
AQA;Injury;Ankle;Cartilage/synovium/bursa;Synovitis/capsulitis;Ankle anterior impingement;Pinzamiento anterior del tobillo
AL1;Injury;Ankle;Ligament/joint capsule;Joint sprain;Sprain lateral collateral ligament ankle;Esguince del ligamento colateral lateral del tobillo
AL2;Injury;Ankle;Ligament/joint capsule;Joint sprain;Sprain medial collateral (deltoid) ligament ankle;Esguince del ligamento colateral medial (deltoides) del tobillo
ALA;Injury;Ankle;Ligament/joint capsule;Joint sprain;Anterior talofibular ligament sprain;Esguince del ligamento peroneotalar anterior
ALJ;Injury;Ankle;Ligament/joint capsule;Joint sprain;Ankle sprains;Esguince de tobillo
ALR;Injury;Ankle;Ligament/joint capsule;Joint sprain;Lateral ligaments rupture (grade 3 injury);Rotura del ligamento colateral lateral del tobillo (grado III)
ALC;Injury;Ankle;Ligament/joint capsule;Joint sprain;Calcaneofibular ligament sprain;Esguince del ligamento peroneocalcáneo
ALS;Injury;Ankle;Ligament/joint capsule;Joint sprain;Inferior tibiofibular syndesmosis sprain;Esguince de la sindesmosis tibioperonea inferior
ALM;Injury;Ankle;Ligament/joint capsule;Joint sprain;Ankle multiple ligaments sprain;Múltiples esguinces de los ligamentos del tobillo.
AD1;Injury;Ankle;Ligament/joint capsule;Joint sprain;Ankle dislocation;Dislocación del tobillo
AUX;Injury;Ankle;Ligament/joint capsule;Chronic instability;Chronic ankle instability;Inestabilidad crónica del tobillo
AUM;Injury;Ankle;Ligament/joint capsule;Chronic instability;Chronic medial instability;Inestabilidad crónica medial del tobillo
AU1;Injury;Ankle;Ligament/joint capsule;Chronic instability;Chronic lateral instability;Inestabilidad lateral crónica del tobillo.
AV1;Injury;Ankle;Superficial tissues/skin;Contusion (superficial);Ankle contusion/haematoma;Contusión/Hematoma en el tobillo
AIX;Injury;Ankle;Superficial tissues/skin;Abrasion;Ankle abrasion;Abrasión en el tobillo
AP2;Injury;Ankle;Non-specific;Injury without tissue type specified;Functional pain ankle;Dolor funcional en el tobillo.
AZZ;Injury;Ankle;Non-specific;Unknown;Other ankle pain/injury not otherwise specified;Otro dolor/lesión en el tobillo no especificado de otra manera
AZ1;Injury;Ankle;Non-specific;Unknown;Ankle pain/injury undiagnosed;Dolor/lesión en el tobillo no diagnosticado
AZS;Injury;Ankle;Non-specific;Unknown;Post ankle surgery;Post-cirugia del tobillo
FM1;Injury;Foot;Muscle/tendon;Muscle injury;Foot muscle strain/spasm/trigger points;Distensión muscular/espasmo/puntos gatillo en el pie
FYX;Injury;Foot;Muscle/tendon;Muscle compartment syndrome;Foot muscle compartment syndrome;Síndrome compartimental muscular en el pie
FT6;Injury;Foot;Muscle/tendon;Tendinopathy;Cuboid syndrome;síndrome cuboide
FTX;Injury;Foot;Muscle/tendon;Tendinopathy;Foot tendon injuries;Lesión del tendón del pie
FTT;Injury;Foot;Muscle/tendon;Tendinopathy;Tibialis posterior insertional tendinopathy;Tendinopatía del tibial posterior distal
FTM;Injury;Foot;Muscle/tendon;Tendinopathy;Mid/distal plantar fasciitis;Fascitis plantar medial/distal
FT7;Injury;Foot;Muscle/tendon;Tendinopathy;Tibialis posterior tendinopathy;Tendinopatía tibial posterior
FT2;Injury;Foot;Muscle/tendon;Tendinopathy;Extensor tendon injury in foot;Lesión del tendón extensor del pie.
FT1;Injury;Foot;Muscle/tendon;Tendinopathy;Plantar heel pain (fasciitis/strain/calcaneal spur);Dolor en el talón (fasciopatía/distensión/espolón calcáneo)
FTE;Injury;Foot;Muscle/tendon;Tendinopathy;Extensor tendinopathy in foot;Tendinopatía extensora del pie
FRE;Injury;Foot;Muscle/tendon;Tendon rupture;Ruptured toe extensor tendon;Rotura del tendón del músculo extensor de los dedos
FRP;Injury;Foot;Muscle/tendon;Tendon rupture;Plantar fascia rupture;Rotura de la fascia plantar.
FR1;Injury;Foot;Muscle/tendon;Tendon rupture;Peroneal tendon rupture;Rotura del tendón peroneo
FKI;Injury;Foot;Muscle/tendon;Laceration;Complication of foot laceration incl infection;Complicación de la laceración del pie, incluida infección.
FKU;Injury;Foot;Muscle/tendon;Laceration;Ulceration foot;Úlcera del pie
FNX;Injury;Foot;Nervous;Peripheral nerve injury;Foot neurological injury;Lesión nerviosa del pie.
FN1;Injury;Foot;Nervous;Peripheral nerve injury;Morton's neuroma or joplin's neuritis;Neuroma de Morton o neuritis de Joplin
FFS;Injury;Foot;Bone;Fracture;Fracture 2nd metatarsal;Fractura del segundo metatarsiano
FFT;Injury;Foot;Bone;Fracture;Fracture great toe distal phalanx;Fractura de la falange distal del dedo gordo del pie
FFU;Injury;Foot;Bone;Fracture;Complication of fractured foot including non union;Complicación de la fractura del pie, incluida pseudoartrosis
FFZ;Injury;Foot;Bone;Fracture;Fracture tarsal bone;Fractura del hueso del tarso
FFX;Injury;Foot;Bone;Fracture;Fracture two or more metatarsals;Fractura de dos o más metatarsianos.
FFB;Injury;Foot;Bone;Fracture;Avulsion fracture 5th metatarsal base;Fractura por avulsión de la base del quinto metatarsiano.
FFC;Injury;Foot;Bone;Fracture;Fractured calcaneus;Fractura del calcáneo
FFN;Injury;Foot;Bone;Fracture;Fracture navicular;Fractura navicular
FFM;Injury;Foot;Bone;Fracture;Fracture 1st metatarsal;Fractura del primer metatarsiano
FFI;Injury;Foot;Bone;Fracture;Fracture 3rd metatarsal;Fractura del tercer metatarsiano
FFH;Injury;Foot;Bone;Fracture;Fracture great toe;Fractura del dedo gordo del pie
FFF;Injury;Foot;Bone;Fracture;Fracture cuneiform;Fractura cuneiforme
FF1;Injury;Foot;Bone;Fracture;Fracture cuboid;Fractura cuboide
FFA;Injury;Foot;Bone;Fracture;Fractured anterior process calcaneus;Fractura del proceso anterior del calcáneo.
FF2;Injury;Foot;Bone;Fracture;Fractured metatarsal(s);Fractura del(los) metatarsiano(s).
FF3;Injury;Foot;Bone;Fracture;Fractured phalanx (foot);Fractura de falange del pie.
FF4;Injury;Foot;Bone;Fracture;Fracture 4th metatarsal;Fractura del cuarto metatarsiano
FF5;Injury;Foot;Bone;Fracture;Fracture 5th metatarsal shaft;Fractura de la diáfisis del quinto metatarsiano.
FFG;Injury;Foot;Bone;Fracture;Fracture great toe proximal phalanx;Fractura de la falange proximal del dedo gordo del pie.
FSS;Injury;Foot;Bone;Bone stress injury;Second metatarsal stress fracture;Fractura por estrés del segundo metatarsiano.
FSF;Injury;Foot;Bone;Bone stress injury;Cuneiform stress fracture;Fractura por estrés cuneiforme
FSB;Injury;Foot;Bone;Bone stress injury;Base second metatarsal stress fracture;Fractura por estrés de la base del segundo metatarsiano.
FST;Injury;Foot;Bone;Bone stress injury;Sesamoid stress fracture;Fractura por estrés del hueso sesamoideo
FSR;Injury;Foot;Bone;Bone stress injury;Stress reaction metatarsal/metatarsalgia;Reacción al estrés metatarsiano/metatarsalgia
FSP;Injury;Foot;Bone;Bone stress injury;Sesamoid stress injury;Lesión por estrés del hueso sesamoideo
FSN;Injury;Foot;Bone;Bone stress injury;Navicular stress fracture;Fractura por estrés navicular
FSI;Injury;Foot;Bone;Bone stress injury;Third metatarsal stress fracture;Fractura por estrés del tercer metatarsiano.
FSD;Injury;Foot;Bone;Bone stress injury;Cuboid stress fracture;Fractura por estrés del cuboides
FSC;Injury;Foot;Bone;Bone stress injury;Stress fracture calcaneus;Fractura por estrés del calcáneo.
FS5;Injury;Foot;Bone;Bone stress injury;Fifth metatarsal stress fracture;Fractura por estrés del quinto metatarsiano.
FS4;Injury;Foot;Bone;Bone stress injury;Fourth metatarsal stress fracture;Fractura por estrés del cuarto metatarsiano.
FS3;Injury;Foot;Bone;Bone stress injury;Sesamoiditis/stress fracture;Fractura por estrés/sesamoiditis
FSM;Injury;Foot;Bone;Bone stress injury;Other metatarsal stress fracture;Otra fractura por estrés del metatarsiano
FS2;Injury;Foot;Bone;Bone stress injury;Stress fracture metatarsal;Fractura por estrés del metatarsiano
FS1;Injury;Foot;Bone;Bone stress injury;Stress reactions/fractures in foot;Fractura/Reacción al estrés en el pie.
FSON;Injury;Foot;Bone;Bone stress injury;Navicular bone oedema;Edema del hueso navicular
FSA;Injury;Foot;Bone;Bone stress injury;First metatarsal stress fracture;Fractura por estrés del primer metatarsiano.
FJX;Injury;Foot;Bone;Bone contusion;Foot bone bruise;Edema óseo del pie.
FEN;Injury;Foot;Bone;Avascular necrosis;Non union navicular stress fracture;Fractura por estrés del navicular con pseudoartrosis
FES;Injury;Foot;Bone;Avascular necrosis;Avascular necrosis sesamoid great toe;Necrosis avascular del hueso sesamoideo
FGK;Injury;Foot;Bone;Physis injury;Kohler's disease - navicular osteochondrosis;Enfermedad de Kohler: osteocondrosis del navicular
FGT;Injury;Foot;Bone;Physis injury;Traction injury to foot;Lesión por tracción de la apófisis del pie.
FG5;Injury;Foot;Bone;Physis injury;Apophysitis/avulsion fracture base 5th metatarsal;Apofisitis/fractura por avulsión de la base del quinto metatarsiano
FGF;Injury;Foot;Bone;Physis injury;Osteochondrosis of metatarsal head/freiberg's disease;Enfermedad de Freiberg: osteocondrosis de la cabeza del metatarsiano
FCX;Injury;Foot;Cartilage/synovium/bursa;Cartilage injury;Foot chondral/osteochondral lesion;Lesión condral/osteocondral en el pie
FC1;Injury;Foot;Cartilage/synovium/bursa;Cartilage injury;Osteochondrosis of foot;Osteocondrosis del pie
FAS;Injury;Foot;Cartilage/synovium/bursa;Arthritis;Subtalar joint arthritis;Osteoartritis de la articulación subastragalina
FAF;Injury;Foot;Cartilage/synovium/bursa;Arthritis;Bunion 5th MTP joint;Juanete en la articulación metatarsofalángica del quinto dedo del pie
FAT;Injury;Foot;Cartilage/synovium/bursa;Arthritis;Arthritis of lesser toes;Artrosis del quinto dedo
FA1;Injury;Foot;Cartilage/synovium/bursa;Arthritis;Bunion of great toe metatarsophalangeal (mtp) joint;Juanete en la articulación metatarsofalángica del dedo gordo del pie
FA2;Injury;Foot;Cartilage/synovium/bursa;Arthritis;Arthritis of midfoot;Artritis del mediopié
FAX;Injury;Foot;Cartilage/synovium/bursa;Arthritis;Foot osteoarthritis;Osteoartritis del pie
FAH;Injury;Foot;Cartilage/synovium/bursa;Arthritis;Arthritis MTP joint great toe/Hallux Rigidus;Artrosis de la articulación metatarsofalángica del dedo gordo/hallux rigidus
FQ3;Injury;Foot;Cartilage/synovium/bursa;Synovitis/capsulitis;Sinus tarsi syndrome (subtalar joint synovitis);Síndrome del seno del tarso (sinovitis de la articulación subastragalina)
FQM;Injury;Foot;Cartilage/synovium/bursa;Synovitis/capsulitis;Synovitis of midfoot joints;Sinovitis de la(s) articulación(es) del mediopié.
FQ2;Injury;Foot;Cartilage/synovium/bursa;Synovitis/capsulitis;Synovitis of MTP joint(s);Sinovitis de la articulación metatarsofalángica/I
FL1;Injury;Foot;Ligament/joint capsule;Joint sprain;Midfoot joint/ligament sprain (incl lisfranc);Esguince de ligamento/articulación del mediopié (incluido Lisfranc)
FLF;Injury;Foot;Ligament/joint capsule;Joint sprain;Spring ligament sprain in foot;Esguince del ligamento calcaneonavicular plantar
FLG;Injury;Foot;Ligament/joint capsule;Joint sprain;Sprain IP ligament(s) great toe;Esguince de los ligamentos interfalángicos del dedo gordo del pie
FLJ;Injury;Foot;Ligament/joint capsule;Joint sprain;Foot joint sprain;Esguince de las artciualciones  del pie
FLL;Injury;Foot;Ligament/joint capsule;Joint sprain;Plantar plate disruption MTP joint;Rotura de la placa plantar en la articulación metatarsofalángica.
FLT;Injury;Foot;Ligament/joint capsule;Joint sprain;Sprained toe/'turf toe';Esguince de dedo del pie/dedo del césped
FDM;Injury;Foot;Ligament/joint capsule;Joint sprain;Dislocation of lesser toe MTP joint;Luxación de la articulación metatarsofalángica del quinto dedo del pie.
FDX;Injury;Foot;Ligament/joint capsule;Joint sprain;Foot dislocation;Dislocación del pie
FDP;Injury;Foot;Ligament/joint capsule;Joint sprain;Dislocation of IP joint of lesser toe;Luxación de la articulación interfalángica del quinto dedo del pie.
FD2;Injury;Foot;Ligament/joint capsule;Joint sprain;Dislocation of great toe MTP joint;Luxación de la articulación metatarsofalángica del dedo gordo del pie.
FDT;Injury;Foot;Ligament/joint capsule;Joint sprain;Dislocation of midfoot through tarsometatarsal (tmt) joints/lisfranc dislocation;Luxación de la articulación tarsometatarsiana
FUX;Injury;Foot;Ligament/joint capsule;Chronic instability;Foot joint chronic instability;Inestabilidad crónica de la articulación del pie.
FH3;Injury;Foot;Superficial tissues/skin;Contusion (superficial);Fat pad contusion heel;Contusión de la almohadilla grasa del calcáneo
FV1;Injury;Foot;Superficial tissues/skin;Contusion (superficial);Foot contusion/haematoma;Contusión/Hematoma en el tobillo
FVX;Injury;Foot;Superficial tissues/skin;Contusion (superficial);Other foot soft tissue bruising/haematoma not elsewhere specified;Otras equimosis/hematomas de tejidos blandos del pie no especificados de otra manera
FVTN;Injury;Foot;Superficial tissues/skin;Contusion (superficial);Talon noir (black heel)/hyperkeratosis hemorrhagica;Talón negro (Tacón negro)/hiperqueratosis hemorrágica
FVT;Injury;Foot;Superficial tissues/skin;Contusion (superficial);Haematoma lesser toes;Hematoma en el quinto dedo.
FVN;Injury;Foot;Superficial tissues/skin;Contusion (superficial);Nail bed haematoma lesser toes;Hematoma en el lecho ungueal del quinto dedo.
FVG;Injury;Foot;Superficial tissues/skin;Contusion (superficial);Haematoma great toe;Hematoma en el dedo gordo del pie
FV2;Injury;Foot;Superficial tissues/skin;Contusion (superficial);Toenail problem/contusion/haematoma;Contusión/hematoma/problema en las uñas de los pies
FV3;Injury;Foot;Superficial tissues/skin;Contusion (superficial);Heel bruising/haematoma incl fat pad contusion;Equimosis/hematoma en el talón, incluida contusión de la almohadilla grasa del calcáneo
FIC;Injury;Foot;Superficial tissues/skin;Abrasion;Callous on foot;Callo en el pie
FIN;Injury;Foot;Superficial tissues/skin;Abrasion;Skin infection toenail - incl infected ingrown toenail;Infección de las uñas de los pies, incluida una infección creciente de las uñas
FI2;Injury;Foot;Superficial tissues/skin;Abrasion;Foot cellulitis/infected ulcer;Celulitis/Úlcera infectada del pie
FIA;Injury;Foot;Superficial tissues/skin;Abrasion;Foot abrasion;Abrasión en el pie
FIF;Injury;Foot;Superficial tissues/skin;Abrasion;Blisters foot;Ampolla en el pie
FIH;Injury;Foot;Superficial tissues/skin;Abrasion;Blisters heel;Ampolla en el talón
FISP;Injury;Foot;Superficial tissues/skin;Abrasion;Foot skin pressure injury;Foot skin pressure injury
FVXX;Injury;Foot;Vessels;Vascular trauma;Foot vascular injuries;Lesión vascular en el pie.
FP1;Injury;Foot;Non-specific;Injury without tissue type specified;Sprain 1st MTP joint with volar plate rupture;Esguince en la articulación metatarsofalángica del dedo gordo del pie con rotura de la placa plantar
FPY;Injury;Foot;Non-specific;Injury without tissue type specified;Foot muscle trigger points, cramping, spasm;Puntos gatillo/calambres musculares en el pie
FPL;Injury;Foot;Non-specific;Injury without tissue type specified;Sprain of great toe;Esguince del dedo gordo del pie
FP2;Injury;Foot;Non-specific;Injury without tissue type specified;Synovitis/impingement/biomechanical lesion of foot;Sinovitis/pinzamiento/lesión biomecánica del pie
FP5;Injury;Foot;Non-specific;Injury without tissue type specified;Chronic regional pain syndrome foot;Síndrome de dolor regional complejo en el pie
FZX;Injury;Foot;Non-specific;Unknown;Foot pain/injury not otherwise specified;Dolor/lesión en el pie no especificada de otra manera
FZ1;Injury;Foot;Non-specific;Unknown;Foot pain undiagnosed;Dolor de pie no diagnosticado
FZS;Injury;Foot;Non-specific;Unknown;Post foot surgery;Cirugía post-pie
XML;Injury;Multiple systems;Muscle/tendon;Muscle injury;Muscle strain lower limb;Lesión muscular del miembro inferior.
XMS;Injury;Multiple systems;Muscle/tendon;Muscle injury;Muscle strain spine;Lesión muscular del tronco.
XMU;Injury;Multiple systems;Muscle/tendon;Muscle injury;Muscle strain upper limb;Lesión muscular del miembro superior.
XMX;Injury;Multiple systems;Muscle/tendon;Muscle injury;Trigger points/spasm multiple locations;Puntos gatillo/espasmo en múltiples ubicaciones
XT8;Injury;Multiple systems;Muscle/tendon;Tendinopathy;Tendinopathy crossing anatomical boundaries;Tendinopatía que cruza límites anatómicos
XKX;Injury;Multiple systems;Muscle/tendon;Laceration;Laceration/abrasion crossing anatomical boundaries;Laceración/abrasión que cruza límites anatómicos
XKL;Injury;Multiple systems;Muscle/tendon;Laceration;Laceration/abrasion lower limb;Laceración/Abrasión del miembro inferior
XNS;Injury;Multiple systems;Nervous;Brain/spinal cord injury;Spinal injury crossing anatomical boundaries;Lesión vertebral que cruza límites anatómicos
XNU;Injury;Multiple systems;Nervous;Peripheral nerve injury;Upper limb neurological injury;Lesión nerviosa del miembro superior.
XNL;Injury;Multiple systems;Nervous;Peripheral nerve injury;Lower limb neurological injury;Lesión nerviosa del miembro inferior.
XGX;Injury;Multiple systems;Bone;Physis injury;Osteochondrosis crossing anatomical boundaries;Osteocondrosis que traspasa fronteras anatómicas
XAU;Injury;Multiple systems;Cartilage/synovium/bursa;Arthritis;Upper limb osteoarthritis;Osteoarthritis del miembro superior
XAX;Injury;Multiple systems;Cartilage/synovium/bursa;Arthritis;Osteoarthritis crossing anatomical boundaries;Osteoartritis que cruza fronteras anatómicas
XLU;Injury;Multiple systems;Ligament/joint capsule;Joint sprain;Sprain multiple locations;Esguince de localización múltiple
XHL;Injury;Multiple systems;Superficial tissues/skin;Contusion (superficial);Soft tissue bruising lower limb;Hematomas en los tejidos blandos en miembros inferiores
XHU;Injury;Multiple systems;Superficial tissues/skin;Contusion (superficial);Soft tissue bruising upper limb;Hematomas en los tejidos blandos de la extremidad superior.
XISS;Injury;Multiple systems;Superficial tissues/skin;Abrasion;Saddle sores;Llagas en la silla de montar
XVX;Injury;Multiple systems;Vessels;Vascular trauma;Vascular injury crossing anatomical boundaries;Lesión vascular que cruza límites anatómicos.
XOD;Injury;Multiple systems;Internal organs;Organ trauma;Drowning;Ahogo
ZMX;Injury;Unknown or not specified;Muscle/tendon;Muscle injury;Muscle injury/spasm location unspecified;Lesión/espasmo muscular de localización no especificada
ZT8;Injury;Unknown or not specified;Muscle/tendon;Tendinopathy;Tendinopathy location unspecified;Tendinopatía de localización desconocida
XKU;Injury;Unknown or not specified;Muscle/tendon;Laceration;Laceration/abrasion upper limb;Laceración/Abrasión del miembro superior
ZKX;Injury;Unknown or not specified;Muscle/tendon;Laceration;Laceration/abrasion location unspecified;Laceración/abrasión de ubicación no especificada
ZNS;Injury;Unknown or not specified;Nervous;Brain/spinal cord injury;Spinal injury location unspecified;Lesión vertebral de localización no especificada
ZGT;Injury;Unknown or not specified;Bone;Physis injury;Traction apophysitis/osteochondrosis not elsewhere specified;Apofisitis por tracción/osteocondrosis no especificadas de otra manera
ZAX;Injury;Unknown or not specified;Cartilage/synovium/bursa;Arthritis;Osteoarthritis location unspecified;Osteoartritis de localización no especificada
ZLU;Injury;Unknown or not specified;Ligament/joint capsule;Joint sprain;Sprain location unspecified;Esguince de localización no especificada
ZVX;Injury;Unknown or not specified;Vessels;Vascular trauma;Vascular injury location unspecified;Lesión vascular de localización no especificada
ZZ1;Injury;Unknown or not specified;Non-specific;Unknown;Diagnosis uncertain/unrecorded;Diagnóstico incierto/no registrado
MCEAC;Illness;Cardiovascular;;Environmental - exercise-related;Arrhythmogenic cardiomyopathy (formerly arrhythmogenic right ventricular cardiomyopathy (arvc));Miocardiopatía arritmogénica (anteriormente miocardiopatía arritmogénica del ventrículo derecho (ARVC))
MCET;Illness;Cardiovascular;;Environmental - exercise-related;Commotio cordis;Commotio cordis (paro cardiaco por golpe en el pecho)
MCESC;Illness;Cardiovascular;;Environmental - exercise-related;Syncopal episode(s) cardiac;Episodio(s) sincopales cardíacos
MCES;Illness;Cardiovascular;;Environmental - exercise-related;Syncope/collapse, general (including non-cardiac causes);Síncope/colapso,  general (incluidas causas no cardíacas)
MCEH;Illness;Cardiovascular;;Environmental - exercise-related;Hypertrophic cardiomyopathy;Miocardiopatía hipertrófica
MCEG;Illness;Cardiovascular;;Environmental - exercise-related;Abnormal screening ECG;Electrocardigrama de evaluacion anormal
MCEC;Illness;Cardiovascular;;Environmental - exercise-related;Cardiomyopathy, other;Otra miocardiopatía
MCEA;Illness;Cardiovascular;;Environmental - exercise-related;Athlete's heart;Corazón de atleta
MCECP;Illness;Cardiovascular;;Environmental - exercise-related;Exertional chest pain (angina);Dolor toracico por esfuerzo (angina de pecho)
MCYXC;Illness;Cardiovascular;;Immunological/inflammatory;Myocarditis/pericarditis due to COVID-19;Miocarditis/pericarditis post infección por COVID-19 
MCYXV;Illness;Cardiovascular;;Immunological/inflammatory;Myocarditis/pericarditis post COVID-19 vaccine;Miocarditis/pericarditis posterior a la vacuna COVID-19
MCYX;Illness;Cardiovascular;;Immunological/inflammatory;Myocarditis;Miocarditis
MCVX;Illness;Cardiovascular;;Thrombotic/haemorrhagic;Venous disease;Enfermedad venosa
MCVZ;Illness;Cardiovascular;;Thrombotic/haemorrhagic;Other venous disease incl calf/ankle oedema, cause unknown;Otras enfermedades venosas, incluido edema de pantorrilla/tobillo de causa desconocida
MCVV;Illness;Cardiovascular;;Thrombotic/haemorrhagic;Varicose veins;Varices
MCVS;Illness;Cardiovascular;;Thrombotic/haemorrhagic;Subclavian vein/axillary vein thrombosis;Trombosis de la vena axilar/vena subclavia
MCVI;Illness;Cardiovascular;;Thrombotic/haemorrhagic;Ischaemic heart disease;Isquemia cardiaca
MCVD;Illness;Cardiovascular;;Thrombotic/haemorrhagic;Deep venous thrombosis;Trombosis venosa profunda
MCVCA;Illness;Cardiovascular;;Thrombotic/haemorrhagic;Cardiac arrest;Paro cardiaco
MCCPS;Illness;Cardiovascular;;Degenerative or chronic condition;Pulmonary stenosis;Estenosis pulmonar
MCCSV;Illness;Cardiovascular;;Degenerative or chronic condition;Supraventricular tachycardia incl atrial flutter;Taquicardia supraventricular inlcuyendo el aleteo auricular
MCCP;Illness;Cardiovascular;;Degenerative or chronic condition;Peripheral vascular disease;Enfermedad vascular periférica
MCCMV;Illness;Cardiovascular;;Degenerative or chronic condition;Mitral valve prolapse;Prolapso de la valvula Mitral
MCCMI;Illness;Cardiovascular;;Degenerative or chronic condition;Myocardial infarction;Infarto de miocardio
MCCHF;Illness;Cardiovascular;;Degenerative or chronic condition;Heart failure;Insuficiencia cardiaca
MCCH;Illness;Cardiovascular;;Degenerative or chronic condition;Hypertension;Hipertension arterial
MCCCA;Illness;Cardiovascular;;Degenerative or chronic condition;Coronary artery disease;Arteriopatia coronaria
MCCC;Illness;Cardiovascular;;Degenerative or chronic condition;High cholesterol;Colesterol alto
MCCAV;Illness;Cardiovascular;;Degenerative or chronic condition;Aortic valve pathology;Patologia de la valvula aortica
MCCA;Illness;Cardiovascular;;Degenerative or chronic condition;Aortopathy;Aortopatia
MCCD;Illness;Cardiovascular;;Degenerative or chronic condition;Dilated cardiomyopathy;Miocadiopatia dilatada
MCCV;Illness;Cardiovascular;;Degenerative or chronic condition;Murmurs/valvular disease;Soplos/ Enfermedad valvular
MCJP;Illness;Cardiovascular;;Developmental anomaly;Patent Ductus Arteriosus (PDA);Conducto arterioso permeable (PDA)
MCJX;Illness;Cardiovascular;;Developmental anomaly;Cardiovascular¬†developmental anomaly;Anomalía del desarrollo cardiovascular.
MCJVS;Illness;Cardiovascular;;Developmental anomaly;Ventricular septal defect;Defecto del septun ventricular
MCJBS;Illness;Cardiovascular;;Developmental anomaly;Brugada syndrome;Sindrome de Brugada
MCJM;Illness;Cardiovascular;;Developmental anomaly;Marfan syndrome;Sindrome de Marfan
MCJD;Illness;Cardiovascular;;Developmental anomaly;Atrial septal defect incl patent foramen ovale (pfo);Defecto del septum auricular, incluido el foramen oval permeable (FOP)
MCJA;Illness;Cardiovascular;;Developmental anomaly;Bicuspid aortic valve;Válvula aórtica bicúspide
MCJCA;Illness;Cardiovascular;;Developmental anomaly;Coronary artery anomaly;Anomalia arteria cornaria
MCXX;Illness;Cardiovascular;;Multiple;Cardiovascular illness;Enfermedad cardiovascular
MCZX;Illness;Cardiovascular;;Unknown/not specified;Other cardiovascular disease;Otras enfermedades cardiovasculares
MCJB;Illness;Cardiovascular;;Unknown/not specified;Long QT syndrome;Síndrome de QT largo
MCEF;Illness;Cardiovascular;;Unknown/not specified;Atrial fibrillation;Fibrilación auricular
MCZPM;Illness;Cardiovascular;;Unknown/not specified;Pacemaker insertion;Colocacion de marcapaso
MCJW;Illness;Cardiovascular;;Unknown/not specified;Wolff-parkinson-white syndrome;Síndrome de Wolff-Parkinson-White
MCZC;Illness;Cardiovascular;;Unknown/not specified;Heart arrhythmia/conduction abnormality;Arritmia cardíaca/anomalía de la conducción
MCZCD;Illness;Cardiovascular;;Unknown/not specified;Sudden cardiac death;Muerte subita cardiaca
MCZIC;Illness;Cardiovascular;;Unknown/not specified;Implantable cardioverter-defibrillator (ICD) complication;Complicacion del desfibrilador cardioversor implantable
MCZII;Illness;Cardiovascular;;Unknown/not specified;ICD insertion;Insercion de desfibrilador cardioversor implantable
MCZIS;Illness;Cardiovascular;;Unknown/not specified;ICD shock;Descarga del desfibrilador cardioversor implantable
MCZP;Illness;Cardiovascular;;Unknown/not specified;Ablation procedure;Procedimiento de ablacion
MCZPC;Illness;Cardiovascular;;Unknown/not specified;Pacemaker complication;Complicaciones del marcapaso
MCZ1;Illness;Cardiovascular;;Unknown/not specified;Cardiac preparticipation screening;Cribado o evaluación cardíaco previo a la participación
MDAX;Illness;Dermatological;;Allergic;Atopic dermatitis / eczema;Dermatitis atópica
MDSS;Illness;Dermatological;;Environmental - non-exercise;Sunburn;Bronceado
MDYL;Illness;Dermatological;;Immunological/inflammatory;Enlarged lymph node;Ganglio linfatico aumentado de tamaño
MDYX;Illness;Dermatological;;Immunological/inflammatory;Rash /other dermatological condition;Erupción/Otra condición dermatológica
MDYP;Illness;Dermatological;;Immunological/inflammatory;Psoriasis;Psoriasis
MDYD;Illness;Dermatological;;Immunological/inflammatory;Dermatitis;Dermatitis
MDYAC;Illness;Dermatological;;Immunological/inflammatory;Acne;Acne
MDYU;Illness;Dermatological;;Immunological/inflammatory;Urticaria;Urticaria
MDYC;Illness;Dermatological;;Immunological/inflammatory;Sebaceous (epidermoid) cyst;Quiste cebaceo (epidermoide)
MDIX;Illness;Dermatological;;Infection;Skin infection/cellulitis/abscess;Infección de la piel/celulite/asceso
MDIPR;Illness;Dermatological;;Infection;Pityriasis rosea;pitiriasis rosada
MDIPV;Illness;Dermatological;;Infection;Pityriasis versicolor;Pitiriasis versicolor (tiña versicolor)
MDIS;Illness;Dermatological;;Infection;Feet warts - incl plantar warts;Verruga del pie, incluida la verruga plantar
MDISC;Illness;Dermatological;;Infection;Scabies;Sarna
MDIV;Illness;Dermatological;;Infection;Skin infection - viral;Infección de la piel: viral (incluidas las verrugas)
MDIW;Illness;Dermatological;;Infection;Wrist and hand warts;Verruga en muñeca/mano
MDIP;Illness;Dermatological;;Infection;Skin infection wrist/hand;Infección de la piel en la muñeca/mano
MDIY;Illness;Dermatological;;Infection;Other fungal infection;Otra infección por hongos
MDIT;Illness;Dermatological;;Infection;Tinea pedis/athlete's foot;Tiña pedis/pie de atleta
MDIZ;Illness;Dermatological;;Infection;Other skin infection not specifically mentioned;Otra infección de la piel no especificada de otra manera
MDIN;Illness;Dermatological;;Infection;Skin infection head/face/neck;Infección de la piel de la cabeza/cara/cuello
MDIL;Illness;Dermatological;;Infection;Lymphadenopathy secondary to skin infection;Linfadenopatía secundaria a infección de la piel.
MDIK;Illness;Dermatological;;Infection;Keratolysis;Queratolisis
MDIH;Illness;Dermatological;;Infection;Herpes simplex;Herpes simple
MDIG;Illness;Dermatological;;Infection;Fungal infection groin;Infección por hongos en la ingle.
MDIF;Illness;Dermatological;;Infection;Skin infection - fungal;Infección de la piel - hongos
MDIE;Illness;Dermatological;;Infection;Skin infection elbow;Infección de la piel en el codo.
MDIB;Illness;Dermatological;;Infection;Skin infection pelvis/buttock - incl ischial abscess;Infección de la piel de la pelvis o las nalgas, incluido el absceso isquiático
MDIVZ;Illness;Dermatological;;Infection;Skin infection - viral;Infeccion de la piel. Viral
MDIO;Illness;Dermatological;;Infection;Other warts;Otra verruga
MDBXD;Illness;Dermatological;;Neoplasm;Skin lesion/tumour thoracic;Tumor torácico/Lesión cutánea
MDB1;Illness;Dermatological;;Neoplasm;Benign skin lesion;Lesión cutánea benigna
MDBXH;Illness;Dermatological;;Neoplasm;Skin lesion/tumour head;Tumor de cabeza/Lesión cutánea
MDBX;Illness;Dermatological;;Neoplasm;Skin lesion/tumour;Tumor/lesión cutánea
MDBS;Illness;Dermatological;;Neoplasm;Squamous cell carcinoma;Carcinoma de células escamosas
MDBM;Illness;Dermatological;;Neoplasm;Multiple skin cancers;Cáncer de piel múltiple
MDBES;Illness;Dermatological;;Neoplasm;Melanoma in situ (grade 0);Melanoma in situ (grado 0)
MDBE;Illness;Dermatological;;Neoplasm;Melanoma;Melanoma
MDBB;Illness;Dermatological;;Neoplasm;Basal cell carcinoma;Carcinoma de células basales 
MDBL;Illness;Dermatological;;Neoplasm;Subcutaneous lipoma;Lipoma subcutaneo
MDDX;Illness;Dermatological;;Drug-related/poisoning;Drug-related skin rash;Erupción cutánea relacionada con drogas
MDZG;Illness;Dermatological;;Unknown/not specified;Dermatological illness;Enfermedad dermatológica 
MDZX;Illness;Dermatological;;Unknown/not specified;Other rash not otherwise mentioned or undiagnosed;Otras erupciones no especificada o no diagnosticadas
MTIT;Illness;Dental;;Infection;Dental caries;Caries dental
MTIW;Illness;Dental;;Infection;Wisdom tooth;Muela de juicio
MTIP;Illness;Dental;;Infection;Periodontitis;Periodontitis
MTCC;Illness;Dental;;Degenerative or chronic condition;Dental condition;Patologia dental
MYAH;Illness;Endocrinological;;Allergic;Hashimoto's thyroiditis;Tiroiditis de Hashimoto
MYSBT;Illness;Endocrinological;;Environmental - non-exercise;Mastalgia (cyclical breast tenderness);Mastalgia (sensibilidad cíclica en los senos)
MYYF;Illness;Endocrinological;;Immunological/inflammatory;Chronic fatigue syndrome/myalgic encephalomyeitis;Síndrome de fatiga crónica
MYYX;Illness;Endocrinological;;Immunological/inflammatory;Endocrine illness;Enfermedad endocrina
MYYZ;Illness;Endocrinological;;Immunological/inflammatory;Other endocrine disorder;Otros trastornos endocrinológicos
MYYT;Illness;Endocrinological;;Immunological/inflammatory;Thyroid disorder;Trastorno de tiroides
MYIB;Illness;Endocrinological;;Infection;Mastitis/breastfeeding condition;Mastitis/infección mamaria
MYBBC;Illness;Endocrinological;;Neoplasm;Breast cancer;Cáncer de mama
MYBBL;Illness;Endocrinological;;Neoplasm;Breast lump for investigation;Bulto en el seno para investigación
MYNG;Illness;Endocrinological;;Metabolic/nutritional;Gynaecomastia;Ginecomastia
MYJO;Illness;Endocrinological;;Developmental anomaly;Exercise prescription for patient with obesity;Prescripción de ejercicio para pacientes con obesidad.
MYJ;Illness;Endocrinological;;Developmental anomaly;Functional hypothalamic amenorrhoea;Amenorrea hipotalámica funcional
MYXB;Illness;Endocrinological;;Multiple;Advice on breast care;Consejos para el cuidado de los senos
MGAX;Illness;Gastrointestinal;;Allergic;Coeliac disease;Enfermedad celiaca
MGED;Illness;Gastrointestinal;;Environmental - exercise-related;Runner's diarrhoea;Diarrea del corredor
MGEE;Illness;Gastrointestinal;;Environmental - exercise-related;Exercise associated gastritis/reflux;Gastritis/Reflujo asociado al ejercicio
MGYC;Illness;Gastrointestinal;;Immunological/inflammatory;Cholecystitis;Colecistitis
MGYS;Illness;Gastrointestinal;;Immunological/inflammatory;Surgical bowel problem;Problema visceral quirúrgico
MGYU;Illness;Gastrointestinal;;Immunological/inflammatory;Gastritis/peptic ulceration - non exercise/nsaid related;Gastritis/Úlcera péptica asociada a AINE
MGYX;Illness;Gastrointestinal;;Immunological/inflammatory;Gastritis;Gastritis
MGIB;Illness;Gastrointestinal;;Infection;Bacterial gastroenteritis (incl food poisoning);Gastroenteritis bacteriana (incluida la intoxicación alimentaria)
MGIZ;Illness;Gastrointestinal;;Infection;Other gastrointestinal infection;Otra infección gastrointestinal
MGIX;Illness;Gastrointestinal;;Infection;Gastrointestinal infection;Infección gastrointestinal
MGIV;Illness;Gastrointestinal;;Infection;Viral gastroenteritis;gastroenteritis viral
MGID;Illness;Gastrointestinal;;Infection;Amoebic dysentery;Disentería amebiana
MGIA;Illness;Gastrointestinal;;Infection;Appendicitis;Apendicitis
MGIH;Illness;Gastrointestinal;;Infection;Viral hepatitis (A, B, or C);Hepatitis viral (A, B o C)
MGBX;Illness;Gastrointestinal;;Neoplasm;Gastrointestinal¬†neoplasm;Neoplasia gastrointestinal
MGVH;Illness;Gastrointestinal;;Thrombotic/haemorrhagic;Haemorrhoids;Hemorroides
MGVM;Illness;Gastrointestinal;;Thrombotic/haemorrhagic;Haematemesis/melaena/GI bleeding;Hematemesis/Melena/Sangrado gastrointestinal
MGDN;Illness;Gastrointestinal;;Drug-related/poisoning;Nsaid associated gastritis/peptic ulceration;Gastritis/Úlcera péptica asociada a AINE
MGXD;Illness;Gastrointestinal;;Multiple;Diarrhoea;Diarrea
MGXX;Illness;Gastrointestinal;;Multiple;Gastrointestinal illness;Enfermedad gastrointestinal
MUED;Illness;Genitourinary;;Environmental - exercise-related;Erectile dysfunction related to cycling/rowing;Disfunción eréctil relacionada con la bicicleta/máquina de remo
MUEE;Illness;Genitourinary;;Environmental - exercise-related;Diet and exercise associated amenorrhoea;Amenorrea asociada con dieta y ejercicio.
MUEI;Illness;Genitourinary;;Environmental - exercise-related;Urinary incontinence;Incontinencia urinaria
MUSD;Illness;Genitourinary;;Environmental - non-exercise;Erectile dysfunction non-exercise related;Disfunción eréctil no asociada al ejercicio.
MUYD;Illness;Genitourinary;;Immunological/inflammatory;Dysmenorrhoea;Dismenorrea
MUYZ;Illness;Genitourinary;;Immunological/inflammatory;Pelvic pain non-specific;Dolor pélvico inespecífico
MUYE;Illness;Genitourinary;;Immunological/inflammatory;Endometriosis;Endometriosis
MUYA;Illness;Genitourinary;;Immunological/inflammatory;Other amenorrhoea;Otra amenorrea
MUYR;Illness;Genitourinary;;Immunological/inflammatory;Menorrhagia;Menorragia
MUIT;Illness;Genitourinary;;Infection;Urinary tract infection;Infección del tracto urinario
MUIS;Illness;Genitourinary;;Infection;Sexually transmitted disease;Enfermedad de transmisión sexual
MUIP;Illness;Genitourinary;;Infection;Pyelonephritis;Pielonefritis
MUIG;Illness;Genitourinary;;Infection;Gynaecological infection;Infección ginecológica
MUIE;Illness;Genitourinary;;Infection;Epididymitis;Epididimitis
MUIC;Illness;Genitourinary;;Infection;Cystitis;Cistitis
MUIX;Illness;Genitourinary;;Infection;Other genitourinary infection;Otra infección genitourinaria
MUBS;Illness;Genitourinary;;Neoplasm;Abnormal cervical smear;Anomalía en la prueba de Papanicolaou cervical
MUBC;Illness;Genitourinary;;Neoplasm;Cervical/uterine cancer;Cáncer de cuello uterino
MUBO;Illness;Genitourinary;;Neoplasm;Ovarian cancer;cáncer de ovario
MUBT;Illness;Genitourinary;;Neoplasm;Testicular cancer;Testicular cancer
MUBB;Illness;Genitourinary;;Neoplasm;Ovarian cyst (benign);Quiste ovárico (benigno)
MUVT;Illness;Genitourinary;;Neoplasm;Testicular tortion;Testicular tortion
MUVH;Illness;Genitourinary;;Thrombotic/haemorrhagic;Haematuria;Hematuria
MUCA;Illness;Genitourinary;;Degenerative or chronic condition;Pelvic floor advice/education;Asesoramiento/educación del suelo pélvico
MUCP;Illness;Genitourinary;;Degenerative or chronic condition;PCOS (Polycystic ovary syndrome);Síndrome de ovario poliquístico
MUJE;Illness;Genitourinary;;Developmental anomaly;Epididymal cyst;Epididymal cyst
MUJV;Illness;Genitourinary;;Developmental anomaly;Varicocele;Varicocele
MUXZ;Illness;Genitourinary;;Multiple;Other gynaecological illness;Otra enfermedad ginecológica
MUXF;Illness;Genitourinary;;Multiple;Pelvic floor other diagnosis;Otros diagnósticos del suelo pélvico
MUXX;Illness;Genitourinary;;Multiple;Genitourinary illness;Enfermedad genitourinaria
MUZPE;Illness;Genitourinary;;Unknown/not specified;Ectopic pregnancy;Embarazo ectópico
MUZP3;Illness;Genitourinary;;Unknown/not specified;Perineal tear (grade 3 - 4);Rotura perineal (grado 3 - 4)
MUZP1;Illness;Genitourinary;;Unknown/not specified;Perineal tear (grade 1 - 2);Rotura perineal (grado 1 - 2)
MUZL;Illness;Genitourinary;;Unknown/not specified;Vulvodynia;Vulvodinia
MUZP;Illness;Genitourinary;;Unknown/not specified;Pregnancy;Embarazo
MUZQ;Illness;Genitourinary;;Unknown/not specified;Pelvic organ prolapse;Prolapso de órgano pélvico
MUZZ;Illness;Genitourinary;;Unknown/not specified;Urinary illness;Enfermedad urinaria
MUZA;Illness;Genitourinary;;Unknown/not specified;Antenatal advice / consult;Asesoramiento/consulta prenatal
MUZB;Illness;Genitourinary;;Unknown/not specified;Other urological/bladder diagnosis (incl nocturia);Otros diagnósticos urológicos/de vejiga (incluida nocturia)
MUZF;Illness;Genitourinary;;Unknown/not specified;Fertility advice consultation;Consejos/consultas sobre fertilidad
MUZN;Illness;Genitourinary;;Unknown/not specified;Postnatal advice / consult;Asesoramiento/consulta postnatal
MUZO;Illness;Genitourinary;;Unknown/not specified;Hormonal contraceptive advice;Consejos sobre anticonceptivos hormonales
MUZX;Illness;Genitourinary;;Unknown/not specified;Gynaecological consultation;Consulta ginecológica
MUZT;Illness;Genitourinary;;Unknown/not specified;Request for pregnancy test;Solicitud de prueba de embarazo
MUZM;Illness;Genitourinary;;Unknown/not specified;Miscarriage;Aborto espontáneo
MUZV;Illness;Genitourinary;;Unknown/not specified;Postpartum vaginal delivery;Parto vaginal y postparto
MUZC;Illness;Genitourinary;;Unknown/not specified;Postpartum ceasarean section;Cesárea posparto
MUZAB;Illness;Genitourinary;;Unknown/not specified;Abortion;Aborto provocado
MHEX;Illness;Hematological;;Environmental - exercise-related;Exercise-related iron deficiency;Deficiencia de hierro relacionada con el ejercicio
MHB;Illness;Hematological;;Neoplasm;Haematological malignancy;Neoplasias hematológica
MHNF;Illness;Hematological;;Metabolic/nutritional;Iron deficiency anaemia;Anemia por deficiencia de hierro
MHNA;Illness;Hematological;;Metabolic/nutritional;Anaemia;Anemia
MHJX;Illness;Hematological;;Developmental anomaly;Sickle cell or thalassaemia;Anemia falciforme o talasemia
MHXX;Illness;Hematological;;Multiple;Haematological illness and nutritional deficiencies;Enfermedad hematológica y deficiencia nutricional.
MRER;Illness;Musculoskeletal;;Environmental - exercise-related;Rhabdomyolysis;Rabdomiólisis
MRYS;Illness;Musculoskeletal;;Immunological/inflammatory;Psoriatic arthritis;Artritis psoriasica
MRYP;Illness;Musculoskeletal;;Immunological/inflammatory;Pseudogout;Pseudogota
MRYPK;Illness;Musculoskeletal;;Immunological/inflammatory;Pseudogout in knee;Pseudogota en la rodilla
MRYL;Illness;Musculoskeletal;;Immunological/inflammatory;Lupus/systemic lupus erythematosus (SLE);Lupus eritematoso sistémico (LES)
MRYPZ;Illness;Musculoskeletal;;Immunological/inflammatory;Pseudogout in other joint/location;Pseudogota en otra articulación/región
MRYNZ;Illness;Musculoskeletal;;Immunological/inflammatory;Non specific seronegative arthritis affecting <4 joints;Artritis seronegativa inespecífica que afecta a menos de 4 articulaciones
MRYR;Illness;Musculoskeletal;;Immunological/inflammatory;Rheumatoid arthritis;Artritis reumatoide
MRYRZ;Illness;Musculoskeletal;;Immunological/inflammatory;Rheumatoid arthritis affecting <4 joints;Artritis reumatoide que afecta a menos de 4 articulaciones
MRYX;Illness;Musculoskeletal;;Immunological/inflammatory;Rheumatological illness;Enfermedad reumatológica
MRYGP;Illness;Musculoskeletal;;Immunological/inflammatory;Gout in hands/fingers;Gota en mano/dedos
MRYRX;Illness;Musculoskeletal;;Immunological/inflammatory;Rheumatoid arthritis affecting many joints;Artritis reumatoide que afecta a múltiples articulaciones.
MRYA;Illness;Musculoskeletal;;Immunological/inflammatory;Ankylosing spondylitis;Espondiloartritis anquilosante
MRYNL;Illness;Musculoskeletal;;Immunological/inflammatory;Non specific seronegative arthritis affecting SIJ;Artritis seronegativa inespecífica que afecta a la articulación sacroilíaca.
MRYN;Illness;Musculoskeletal;;Immunological/inflammatory;Seronegative arthritis;Artritis seronegativa
MRYIL;Illness;Musculoskeletal;;Immunological/inflammatory;Sacroiliac joint inflammation;Inflamación de la articulación sacroilíaca.
MRYGZ;Illness;Musculoskeletal;;Immunological/inflammatory;Gout in other location not otherwise specified;Gota en otra región no especificada
MRYGK;Illness;Musculoskeletal;;Immunological/inflammatory;Gout in knee;Gota en la rodilla
MRYGE;Illness;Musculoskeletal;;Immunological/inflammatory;Gout in elbow;Gota en el codo
MRYGA;Illness;Musculoskeletal;;Immunological/inflammatory;Gout in ankle/foot (incl big toe);Gota en el tobillo/pie (incluido el dedo gordo)
MRYG;Illness;Musculoskeletal;;Immunological/inflammatory;Gout;Gota
MRYNX;Illness;Musculoskeletal;;Immunological/inflammatory;Non specific seronegative arthritis affecting many joints;Artritis seronegativa no específica que afecta a múltiples articulaciones.
MRYI;Illness;Musculoskeletal;;Immunological/inflammatory;Reiter's syndrome;síndrome de reiter
MRIJH;Illness;Musculoskeletal;;Infection;Infected hip joint;Infección de la articulación de la cadera
MRIJ;Illness;Musculoskeletal;;Infection;Joint infection - septic arthritis (excl complications of surgery or perforating lacerations);Infección articular-artritis séptica (excluyendo complicación de cirugía o laceración perforante)
MRIF;Illness;Musculoskeletal;;Infection;Infected foot joint;Infección de las articulaciones del pie
MRIJA;Illness;Musculoskeletal;;Infection;Infected ankle joint;Infección de la articulación de la cadera
MRIBT;Illness;Musculoskeletal;;Infection;Infection of bone - osteomyelitis thigh;Infección ósea: osteomielitis en el muslo.
MRIJE;Illness;Musculoskeletal;;Infection;Infected elbow joint;Infección de la articulación del codo
MRIB;Illness;Musculoskeletal;;Infection;Infection of bone - osteomyelitis;Infección ósea - osteomielitis  
MRIJS;Illness;Musculoskeletal;;Infection;Infected shoulder joint;Infección de la articulación del hombro
MRIJW;Illness;Musculoskeletal;;Infection;Infected wrist, hand, finger, thumb joint;Infección en la muñeca, mano, dedos, pulgar.
MRIP;Illness;Musculoskeletal;;Infection;Infected pubic symphysis;Infección de la sínfisis púbica.
MRIK;Illness;Musculoskeletal;;Infection;Infected knee joint;Infección de la articulación de la rodilla.
MRIBL;Illness;Musculoskeletal;;Infection;Septic discitis - osteomyelitis of the spine;Discitis séptica - osteomielitis de la columna
MRBXQ;Illness;Musculoskeletal;;Neoplasm;Tumour lower leg;Tumor de pierna
MRBXF;Illness;Musculoskeletal;;Neoplasm;Tumour foot;Tumor del pie
MRBXX;Illness;Musculoskeletal;;Neoplasm;Other tumour not otherwise mentioned;Otro tumor no especificado de otra manera
MRBXW;Illness;Musculoskeletal;;Neoplasm;Tumour wrist/hand;Tumor de muñeca/mano
MRBXU;Illness;Musculoskeletal;;Neoplasm;Tumour upper arm;Tumor del brazo
MRBXT;Illness;Musculoskeletal;;Neoplasm;Tumour thigh;Tumor de muslo
MRBXS;Illness;Musculoskeletal;;Neoplasm;Tumour shoulder;Tumor de hombro
MRBXR;Illness;Musculoskeletal;;Neoplasm;Tumour forearm;Tumor de antebrazo
MRBXA;Illness;Musculoskeletal;;Neoplasm;Tumour ankle;Tumor de tobillo
MRBXL;Illness;Musculoskeletal;;Neoplasm;Tumour lumbar spine;Tumor de la columna lumbar
MRBXG;Illness;Musculoskeletal;;Neoplasm;Tumour groin and hip;Cáncer de cadera/ingle
MRBXE;Illness;Musculoskeletal;;Neoplasm;Tumour elbow;Tumor de codo
MRBXD;Illness;Musculoskeletal;;Neoplasm;Tumour thoracic spine/chest wall;Tumor de columna torácica/caja torácica
MRBXB;Illness;Musculoskeletal;;Neoplasm;Tumour lumbar buttock;Tumor de glúteo
MRBXN;Illness;Musculoskeletal;;Neoplasm;Tumour neck;Cáncer de cuello
MRBXK;Illness;Musculoskeletal;;Neoplasm;Tumour knee;Cáncer de rodilla
MRJCK;Illness;Musculoskeletal;;Degenerative or chronic condition;Congenital cartilage abnormality of knee;Anomalía congénita de la articulación de la rodilla.
MRJCL;Illness;Musculoskeletal;;Degenerative or chronic condition;Congenital abnormality lumbar spine;Anomalía congénita de la columna lumbar.
MRJHX;Illness;Musculoskeletal;;Degenerative or chronic condition;Hypo or hyper - mobility of joints;Hipo o hipermovilidad articular.
MRJMQ;Illness;Musculoskeletal;;Degenerative or chronic condition;Muscle abnormality of lower leg;Anomalía muscular en la pierna.
MRJSL;Illness;Musculoskeletal;;Degenerative or chronic condition;Sacralisation of l5 segment;Sacralización de L5
MRJXF;Illness;Musculoskeletal;;Degenerative or chronic condition;Structural abnormality of foot;Anomalía estructural en el pie.
MRJXK;Illness;Musculoskeletal;;Degenerative or chronic condition;Structural abnormality of knee;Anomalía estructural de la rodilla
MRJXS;Illness;Musculoskeletal;;Degenerative or chronic condition;Shoulder structural abnormality;Anomalía estructural del hombro
MRJLL;Illness;Musculoskeletal;;Degenerative or chronic condition;Lumbarisation of S1 segment;Lumbarización S1
MRJB;Illness;Musculoskeletal;;Degenerative or chronic condition;Spina bifida;Espina Bífida
MRJXQ;Illness;Musculoskeletal;;Degenerative or chronic condition;Structural abnormality of lower leg;Anomalía estructural en la pierna.
MRCO;Illness;Musculoskeletal;;Degenerative or chronic condition;Osteoarthritis - non-traumatic;Osteoartritis - no traumática
MRJYD;Illness;Musculoskeletal;;Developmental anomaly;Thoracic kyphosis;Cifosis torácica
MRJO;Illness;Musculoskeletal;;Developmental anomaly;Generalised hypomobility of joints;Hipomovilidad articular generalizada
MRJZD;Illness;Musculoskeletal;;Developmental anomaly;Thoracic spine structural abnormality;Anomalía estructural de la columna torácica.
MRJVW;Illness;Musculoskeletal;;Developmental anomaly;Radioulnar variance;Varianza radiocubital
MRJUF;Illness;Musculoskeletal;;Developmental anomaly;Tarsal coalition of foot;Coalición tarsal
MRJTF;Illness;Musculoskeletal;;Developmental anomaly;Claw toes;Dedos de cuello de cisne
MRJL;Illness;Musculoskeletal;;Developmental anomaly;Lumbosacral spine structural abnormality;Anomalía estructural de la columna lumbosacra.
MRJT;Illness;Musculoskeletal;;Developmental anomaly;Talonavicular coalition;Coalición talonavicular
MRJPK;Illness;Musculoskeletal;;Developmental anomaly;Bi or multipartite patella;Rótula doble o multipartita
MRJC;Illness;Musculoskeletal;;Developmental anomaly;Calcaneonavicular coalition;Coalición calcaneonavicular
MRJ1G;Illness;Musculoskeletal;;Developmental anomaly;Congenital abnormality of hip joint;Anomalía congénita de la articulación de la cadera.
MRJ2G;Illness;Musculoskeletal;;Developmental anomaly;Structural abnormaility of hip/groin;Anomalía estructural de cadera/ingle
MRJSD;Illness;Musculoskeletal;;Developmental anomaly;Thoracic scoliosis;Escoliosis torácica
MRJBL;Illness;Musculoskeletal;;Developmental anomaly;Lumbar scoliosis;Escoliosis lumbar
MRJCF;Illness;Musculoskeletal;;Developmental anomaly;Calcaneocuboid coalition;Coalición calcaneocuboidea
MRJDG;Illness;Musculoskeletal;;Developmental anomaly;Congenital dislocation of hip;Luxación congénita de cadera
MRJEC;Illness;Musculoskeletal;;Developmental anomaly;Chest structural abnormaility;Anomalía estructural de la caja torácica.
MRJH;Illness;Musculoskeletal;;Developmental anomaly;Generalised hypermobility of joints;Hipermovilidad articular generalizada
MRJHF;Illness;Musculoskeletal;;Developmental anomaly;Hammer toes;Dedos de martillo
MRJIQ;Illness;Musculoskeletal;;Developmental anomaly;Accessory soleus muscle (excl inj to that muscle);Músculo sóleo accesorio (excluyendo la lesión de este músculo)
MRJKK;Illness;Musculoskeletal;;Developmental anomaly;Discoid lateral meniscus;Menisco lateral discoide
MRJFF;Illness;Musculoskeletal;;Developmental anomaly;Accessory bone foot;Hueso accesorio del pie
MRJA;Illness;Musculoskeletal;;Developmental anomaly;Exercise prescription for patient with arthritis;Prescripción de ejercicio para pacientes con osteoartritis
MRZX;Illness;Musculoskeletal;;Unknown/not specified;Rheumatological disease other/undiagnosed;Otra enfermedad reumatológica/no diagnosticada
MRZP;Illness;Musculoskeletal;;Unknown/not specified;Pregnancy associated musculoskeletal injury;Lesiones musculoesqueléticas asociadas al embarazo.
MRZF;Illness;Musculoskeletal;;Unknown/not specified;Fibromyalgia/multiple sore muscle areas;Fibromialgia/dolor muscular en múltiples áreas
MRZK;Illness;Musculoskeletal;;Unknown/not specified;Inflammatory arthritis of knee;Artritis inflamatoria de rodilla
MNED;Illness;Neurological;;Environmental - exercise-related;Autonomic dysreflexia;Disreflexia autonómica
MNEM;Illness;Neurological;;Environmental - exercise-related;Exercise related migraine;Migraña relacionada con el ejercicio
MNSV;Illness;Neurological;;Environmental - non-exercise;Vertigo, unknown cause;Vertigini, causa sconosciuta
MNYM;Illness;Neurological;;Immunological/inflammatory;Migraine;Migraña
MNEH;Illness;Neurological;;Immunological/inflammatory;Exercise related headache;Dolor de cabeza atribuible al ejercicio
MNIB;Illness;Neurological;;Infection;Brachial neuritis;Neuritis braquial
MNJC;Illness;Neurological;;Developmental anomaly;Cerebral palsy;Parálisis cerebral
MNJE;Illness;Neurological;;Developmental anomaly;Epilepsy;Epilepsia
MNXX;Illness;Neurological;;Multiple;Neurological illness;Enfermedad neurológica
MNXZ;Illness;Neurological;;Multiple;Neurological lesion  location unspecified or crossing anatomical boundaries;Lesión nerviosa de ubicación no especificada o que cruza límites anatómicos
MNZZ;Illness;Neurological;;Unknown/not specified;Headache not otherwise specified;Dolor de cabeza no especificado
MNZX;Illness;Neurological;;Unknown/not specified;Other neurological problem;Otro problema neurológico
MNZC;Illness;Neurological;;Unknown/not specified;Cluster headaches;Dolor de cabeza en racimos (brotes)
MNZH;Illness;Neurological;;Unknown/not specified;Headaches;Dolor de cabeza
MNZM;Illness;Neurological;;Unknown/not specified;Generalised tight muscles/spasticity;Tensión muscular/espasticidad generalizada
MOAC;Illness;Opthalmological;;Allergic;Allergic conjunctivitis;Conjuntivitis alérgica
MOSP;Illness;Opthalmological;;Environmental - non-exercise;Pterygium;Pterigión
MOIC;Illness;Opthalmological;;Infection;Infective conjunctivitis;Conjuntivitis infecciosa
MOIS;Illness;Opthalmological;;Infection;Sty (eyelash);Orzuelo
MOCC;Illness;Opthalmological;;Degenerative or chronic condition;Cataract;Cataratas
MOCG;Illness;Opthalmological;;Degenerative or chronic condition;Glaucoma;Glaucoma
MOCV;Illness;Opthalmological;;Degenerative or chronic condition;Vision disorder;Trastorno de la visión
MOJA;Illness;Opthalmological;;Developmental anomaly;Astigmatism;Astigmatismo
MOJH;Illness;Opthalmological;;Developmental anomaly;Hyperopia (hypermetropia);Hipermetropia
MOJM;Illness;Opthalmological;;Developmental anomaly;Myopia;Miopia
MOZ1;Illness;Opthalmological;;Unknown/not specified;Ophthalmological illness (excl trauma);Enfermedad oftalmologico (excepto trauma)
MEEX;Illness;Otological;;Environmental - exercise-related;Swimmer's ear;Oreja de nadador
MESC;Illness;Otological;;Environmental - non-exercise;Ear wax/cerumen;Cerumen/cera del oído
MEIM;Illness;Otological;;Infection;Middle ear infection;Infección del oído medio
MEIR;Illness;Otological;;Infection;Ear +/- sinuses/throat infection;Infección de oído +/- senos nasales/garganta
MEIE;Illness;Otological;;Infection;Otitis externa;Otitis externa
MEIX;Illness;Otological;;Infection;Ear infection;Infección de oído
MSAA;Illness;Psychiatric/psychological;;Allergic;Antenatal anxiety;Ansiedad prenatal
MSAD;Illness;Psychiatric/psychological;;Allergic;Antenatal depression;Depresión prenatal
MSEE;Illness;Psychiatric/psychological;;Environmental - exercise-related;Exercise addiction;Adicción al ejercicio
MSEF;Illness;Psychiatric/psychological;;Environmental - exercise-related;Female athlete triad;Tríada de atleta femenina
MSEX;Illness;Psychiatric/psychological;;Environmental - exercise-related;Overexercising disorder;Trastorno de ejercicio excesivo
MPAA;Illness;Respiratory;;Allergic;Asthma - allergic;Asma - alérgico
MPAL;Illness;Respiratory;;Allergic;Allergy - rhinitis/sinusitis/hayfever;Alergia: rinitis/sinusitis/fiebre del heno
MPA3;Illness;Respiratory;;Allergic;Asthma/allergy/hay fever/respiratory;Asma/alergia/fiebre del heno
MPEE;Illness;Respiratory;;Environmental - exercise-related;Asthma - exercise induced only;Asma - inducida por el ejercicio
MPSA;Illness;Respiratory;;Environmental - non-exercise;Respiratory symptoms from air pollution;Síntomas respiratorios por la contaminación del aire.
MPYS;Illness;Respiratory;;Immunological/inflammatory;Pulmonary sarcoidosis;sarcoidosis pulmonar
MPIX;Illness;Respiratory;;Infection;Other upper respiratory tract infection;Otra infección del tracto respiratorio superior
MPICL;Illness;Respiratory;;Infection;Post COVID-19 condition (including long COVID);Condición posterior al COVID-19 (incluido el COVID prolongado)
MPI1;Illness;Respiratory;;Infection;Respiratory system infection;Infección del sistema respiratorio.
MPIB;Illness;Respiratory;;Infection;Bronchitis;Bronquitis
MPIC;Illness;Respiratory;;Infection;COVID-19 infection;Contagio de COVID-19 
MPICA;Illness;Respiratory;;Infection;COVID-19 asymptomatic picked up on screening;COVID-19 asintomático (detectado en prueba)
MPIG;Illness;Respiratory;;Infection;Pharyngitis;Faringitis
MPIH;Illness;Respiratory;;Infection;Sinus headache;Dolor de cabeza sinusal
MPII;Illness;Respiratory;;Infection;Influenza virus;Virus de influenza
MPIL;Illness;Respiratory;;Infection;Other lower respiratory tract infection;Otra infección del tracto respiratorio inferior
MPIP;Illness;Respiratory;;Infection;Pneumonia/bronchitis/lower respiratory tract infection;Neumonía/bronquitis/infección del tracto respiratorio inferior
MPIRS;Illness;Respiratory;;Infection;Respiratory Syncytial Virus (RSV);Virus Sincysial respiratorio (RSV))
MPIS;Illness;Respiratory;;Infection;Sinusitis;Sinusitis
MPIV;Illness;Respiratory;;Infection;Respiratory infection suspected of being COVID-19;Infección respiratoria (sospecha de COVID-19)
MPIT;Illness;Respiratory;;Infection;Tonsillitis;Amigdalitis
MPICV;Illness;Respiratory;;Infection;Adverse reaction to a covid-19 vaccine;Reacción adversa a la vacuna COVID-19 
MPBC;Illness;Respiratory;;Neoplasm;Respiratory neoplasm;Neoplasia respiratoria
MPVE;Illness;Respiratory;;Thrombotic/haemorrhagic;Pulmonary embolus;Embolia pulmonar
MPCX;Illness;Respiratory;;Degenerative or chronic condition;Chronic airflow limitation;Limitación crónica del flujo de aire
MPJC;Illness;Respiratory;;Developmental anomaly;Cystic fibrosis;Fibrosis quística
MPXX;Illness;Respiratory;;Multiple;Respiratory disease;Enfermedad respiratoria
MPZT;Illness;Respiratory;;Unknown/not specified;Nose /throat illness /condition;Condición/enfermedad de nariz/garganta
MPZX;Illness;Respiratory;;Unknown/not specified;Other respiratory illness not otherwise specified;Otra enfermedad respiratoria no especificada de otra manera
MAEO;Illness;Thermoregulatory;;Environmental - exercise-related;Hypothermia;Hipotermia
MAE1;Illness;Thermoregulatory;;Environmental - exercise-related;Heat illness;Golpe de calor
MAES;Illness;Thermoregulatory;;Environmental - exercise-related;Hyperthermia/heat stroke;Hipertermia/golpe de calor
MXEB;Illness;Unknown or not specified;;Environmental - exercise-related;Barotrauma;Barotrauma
MXED;Illness;Unknown or not specified;;Environmental - exercise-related;Decompression sickness;Enfermedad de descompresión
MXSE;Illness;Unknown or not specified;;Environmental - non-exercise;Environmental illness;Enfermedad ambiental
MXIM;Illness;Unknown or not specified;;Infection;Malaria;Malaria
MXIX;Illness;Unknown or not specified;;Infection;Infection;Infección
MXI5;Illness;Unknown or not specified;;Infection;Virus proven by serology;Virus comprobado testado por serología
MXI8;Illness;Unknown or not specified;;Infection;Infection, other;Otra infección
MXICV;Illness;Unknown or not specified;;Infection;Chikungunya;Chikungunya
MXID;Illness;Unknown or not specified;;Infection;Dengue fever;Fiebre por dengue
MXIG;Illness;Unknown or not specified;;Infection;Glandular fever;Mononucleosis
MXIMP;Illness;Unknown or not specified;;Infection;Mumps;Paperas
MXIRV;Illness;Unknown or not specified;;Infection;Rubella;Rubeola
MXITB;Illness;Unknown or not specified;;Infection;Tuberculosis;Tuberculosis
MXIMS;Illness;Unknown or not specified;;Infection;Measles;Sarampion
MXIV;Illness;Unknown or not specified;;Infection;Chicken pox;Varicela
MZIQ;Illness;Unknown or not specified;;Infection;Quarantine due to overseas travel or contact tracing;Cuarentena de viaje o contacto
MXBCH;Illness;Unknown or not specified;;Neoplasm;Tumour head;Tumor de cabeza
MXN1;Illness;Unknown or not specified;;Metabolic/nutritional;Tired athlete undiagnosed;Fatiga no diagnosticada
MXN7;Illness;Unknown or not specified;;Metabolic/nutritional;Nutritional (including vitamin deficiency);Nutricional (incluida la deficiencia de vitaminas)
MXNS;Illness;Unknown or not specified;;Metabolic/nutritional;Advice on legality of drug/supplement;Asesoramiento sobre legalidad de medicamentos/suplementos
MXJT;Illness;Unknown or not specified;;Developmental anomaly;Condition related to transgender status;Condición relacionada con el estatus transgénero
MXJD;Illness;Unknown or not specified;;Developmental anomaly;Condition related to sexual dimorphism;Condición relacionada con dismorfismo sexual.
MXDD;Illness;Unknown or not specified;;Drug-related/poisoning;Drug use/overdose/poisoning;Envenenamiento/sobredosis/consumo de drogas
MZXX;Illness;Unknown or not specified;;Multiple;Medical illness undiagnosed/other;Otra enfermedad médica no diagnosticada
MZZ3;Illness;Unknown or not specified;;Unknown/not specified;Preparation for overseas travel - advice immunisations;Preparación para el viaje: consejos para la vacunación
MZZX;Illness;Unknown or not specified;;Unknown/not specified;Other medical illness;Otra enfermedad médica
MZZR;Illness;Unknown or not specified;;Unknown/not specified;Prescription repeat;Repetición de prescripción
MZZP;Illness;Unknown or not specified;;Unknown/not specified;Paperwork;Documentación/Formularios
MZZO;Illness;Unknown or not specified;;Unknown/not specified;Obesity;Obesidad'
MZZE;Illness;Unknown or not specified;;Unknown/not specified;Advice on equipment/other aids e.g. appropriate footwear.;Asesoramiento sobre equipos/otro apoyo (por ejemplo, calzado adecuado)
MZZC;Illness;Unknown or not specified;;Unknown/not specified;Medical certificate;Certificado medico
MZZ4;Illness;Unknown or not specified;;Unknown/not specified;Exercise prescription;Prescripción de ejercicio
MZZZ;Illness;Unknown or not specified;;Unknown/not specified;Referral;Remisión
MZZ2;Illness;Unknown or not specified;;Unknown/not specified;Screening;Cribado o evaluación
MZZ1;Illness;Unknown or not specified;;Unknown/not specified;Consultation;Consulta
MZZ6;Illness;Unknown or not specified;;Unknown/not specified;Education;Educación
MSSH;Mental health problem;Psychiatric/psychological;;Environmental - non-exercise;Attention deficit hyperactivity disorder;Trastorno por deficit de atencion e hiperactividad
MSSP;Mental health problem;Psychiatric/psychological;;Environmental - non-exercise;Specific phobias;Fobias especificas
MSSS;Mental health problem;Psychiatric/psychological;;Environmental - non-exercise;Sleep disorders;Desordenes del sueño
MSSA;Mental health problem;Psychiatric/psychological;;Environmental - non-exercise;Anxiety/panic/compulsive disorder;Ansiedad/pánico/trastorno compulsivo
MSNA;Mental health problem;Psychiatric/psychological;;Metabolic/nutritional;Anorexia nervosa;Anorexia nerviosa
MSNM;Mental health problem;Psychiatric/psychological;;Metabolic/nutritional;RED-S (Relative Energy Deficiency in Sport);RED-S (Deficiencia Energética Relativa en el Deporte)
MSNB;Mental health problem;Psychiatric/psychological;;Metabolic/nutritional;Bulimia nervosa;Bulimia nerviosa
MSXS;Mental health problem;Psychiatric/psychological;;Multiple;Somatisation;Somatizacion
MSX6;Mental health problem;Psychiatric/psychological;;Multiple;Psychological/psychiatric;Psicológico/psiquiátrico
MSXB;Mental health problem;Psychiatric/psychological;;Multiple;Bipolar disorders;Desorden bipolar
MSXD;Mental health problem;Psychiatric/psychological;;Multiple;Depression/mood disorder;Depresión/trastornos del estado de ánimo
MSDA;Mental health problem;Psychiatric/psychological;;Unknown/not specified;Behavioural disorder (alcohol, drugs);Trastorno de conducta (alcohol, drogas)
MSZX;Mental health problem;Psychiatric/psychological;;Unknown/not specified;Other psychological/psychiatric disorder not otherwise specified;Otro trastorno psicológico/psiquiátrico no especificado de otra manera
MSZA;Mental health problem;Psychiatric/psychological;;Unknown/not specified;Adjustment disorder (incl burrnout);Somatizacion
MSZG;Mental health problem;Psychiatric/psychological;;Unknown/not specified;Behavioural disorder (eg gambling/other addiction);Trastorno del comportamiento (p. ej., juego/otras adicciones)